고등학교,풍문고등학교,서울특별시 강남구 자곡동 643,37.4712504,127.1006925,고등학교,사립
중학교,한울중학교,서울특별시 금천구 시흥동 792-1,37.462335,126.9074,중학교,공립
초등학교,서울항동초등학교,서울특별시 구로구 항동 227,37.4767306,126.8239832,초등학교,공립
초등학교,서울숭신초등학교,서울특별시 성동구 하왕십리동 1068,37.5677035,127.0277668,초등학교,공립
중학교,내곡중학교,서울특별시 서초구 신원동 324,37.45200217,127.0544427,중학교,공립
중학교,해누리중학교,서울특별시 송파구 가락동 479,37.49761178,127.1025328,중학교,공립
고등학교,한양공업고등학교,서울특별시 중구 신당동 224-2,37.565376,127.0118163,고등학교,사립
고등학교,성동공업고등학교,서울특별시 중구 흥인동 1-1,37.5693545,127.0171338,고등학교,공립
고등학교,성동글로벌경영고등학교,서울특별시 중구 신당동 250-3,37.5656443,127.0132205,고등학교,공립
고등학교,대동세무고등학교,서울특별시 종로구 계동 35,37.5819196,126.9879303,고등학교,사립
고등학교,서일국제경영고등학교,서울특별시 종로구 창신동 13-80,37.5793722,127.0130226,고등학교,사립
고등학교,경기상업고등학교,서울특별시 종로구 청운동 89-3,37.58925889,126.9700589,고등학교,공립
고등학교,서울아이티고등학교,서울특별시 노원구 중계동 504,37.6421764,127.0619553,고등학교,사립
고등학교,미래산업과학고등학교,서울특별시 노원구 중계동 369-3,37.6590494,127.0786348,고등학교,사립
고등학교,동산정보산업고등학교,서울특별시 노원구 공릉동 481-3,37.6301266,127.0741844,고등학교,사립
고등학교,인덕공업고등학교,서울특별시 노원구 월계동 648-7,37.6313747,127.0555547,고등학교,사립
고등학교,염광여자메디텍고등학교,서울특별시 노원구 월계동 820-9,37.63025824,127.0492435,고등학교,사립
고등학교,영신간호비즈니스고등학교,서울특별시 노원구 중계동 118,37.6521121,127.0828722,고등학교,사립
고등학교,광운전자공업고등학교,서울특별시 노원구 월계동 500,37.6208454,127.0561467,고등학교,사립
고등학교,경기기계공업고등학교,서울특별시 노원구 하계동 78,37.6344163,127.0742785,고등학교,공립
고등학교,세그루패션디자인고등학교,서울특별시 도봉구 쌍문동 263,37.655351,127.0268289,고등학교,사립
고등학교,서울문화고등학교,서울특별시 도봉구 방학동 723-17,37.6638554,127.0475357,고등학교,공립
고등학교,성암국제무역고등학교,서울특별시 강북구 미아동 320-1,37.6207354,127.024471,고등학교,사립
고등학교,고명경영고등학교,서울특별시 성북구 동선동4가 325-1,37.5975051,127.0199462,고등학교,사립
고등학교,동구마케팅고등학교,서울특별시 성북구 성북동 168-275,37.5935994,127.0071027,고등학교,사립
고등학교,서울도시과학기술고등학교,서울특별시 성북구 하월곡동 90-1,37.6074229,127.03236,고등학교,공립
고등학교,이화여자대학교병설미디어고등학교,서울특별시 중랑구 망우동 220,37.6037439,127.1049794,고등학교,사립
고등학교,송곡관광고등학교,서울특별시 중랑구 망우동 252-1,37.6063172,127.1053983,고등학교,사립
고등학교,정화여자상업고등학교,서울특별시 동대문구 제기동 293,37.5857448,127.0408473,고등학교,사립
고등학교,해성국제컨벤션고등학교,서울특별시 동대문구 전농동 90-3,37.5812848,127.0569633,고등학교,사립
고등학교,휘경공업고등학교,서울특별시 동대문구 휘경동 49-327,37.5849213,127.0695589,고등학교,공립
고등학교,서울방송고등학교,서울특별시 성동구 옥수동 556-1,37.54777313,127.0110355,고등학교,공립
고등학교,성수공업고등학교,서울특별시 성동구 성수동2가 333-128,37.540543,127.0514262,고등학교,공립
고등학교,덕수고등학교,서울특별시 성동구 행당동 70-28,37.55526278,127.0411407,고등학교,공립
고등학교,서울디지텍고등학교,서울특별시 용산구 이태원동 223-15,37.538911,126.990534,고등학교,사립
고등학교,선린인터넷고등학교,서울특별시 용산구 청파동3가 131-2,37.5427814,126.9663628,고등학교,공립
고등학교,용산공업고등학교,서울특별시 용산구 한강로3가 65-209,37.5243031,126.9671858,고등학교,공립
고등학교,대경상업고등학교,서울특별시 중구 신당동 333-579,37.55669583,127.0175331,고등학교,사립
고등학교,리라아트고등학교,서울특별시 중구 예장동 8-40,37.5571155,126.988191,고등학교,사립
고등학교,경기여자상업고등학교,서울특별시 중구 중림동 324-14,37.5570331,126.9668351,고등학교,사립
고등학교,영락유헬스고등학교,서울특별시 관악구 봉천동 1558-1,37.4763905,126.9446913,고등학교,사립
고등학교,서울관광고등학교,서울특별시 관악구 봉천동 1694,37.4881856,126.9433831,고등학교,사립
고등학교,광신정보산업고등학교,서울특별시 관악구 신림동 329,37.4651377,126.9256312,고등학교,사립
고등학교,서울여자상업고등학교,서울특별시 관악구 봉천동 1695,37.4731302,126.9513293,고등학교,사립
고등학교,서울공업고등학교,서울특별시 동작구 대방동 390-5,37.50190153,126.9223834,고등학교,공립
고등학교,한강미디어고등학교,서울특별시 영등포구 양평동4가 315-1,37.5391173,126.8972396,고등학교,공립
고등학교,동일여자상업고등학교,서울특별시 금천구 시흥동 산100-4,37.45167193,126.9168874,고등학교,사립
고등학교,서서울생활과학고등학교,서울특별시 구로구 궁동 35,37.5032117,126.8281605,고등학교,사립
고등학교,유한공업고등학교,서울특별시 구로구 항동 1-7,37.4878646,126.8240073,고등학교,사립
고등학교,덕일전자공업고등학교,서울특별시 구로구 오류동 199-1,37.490578,126.8371091,고등학교,사립
고등학교,예림디자인고등학교,서울특별시 구로구 궁동 110-1,37.4996945,126.8282053,고등학교,사립
고등학교,영등포공업고등학교,서울특별시 강서구 가양동 1468,37.5692245,126.8504967,고등학교,사립
고등학교,서울항공비즈니스고등학교,서울특별시 강서구 마곡동 731-263,37.5697071,126.8170866,고등학교,사립
고등학교,신정여자상업고등학교,서울특별시 강서구 화곡동 477-1,37.5380245,126.8568925,고등학교,사립
고등학교,화곡보건경영고등학교,서울특별시 강서구 내발산동 715,37.5488204,126.8328267,고등학교,사립
고등학교,강서공업고등학교,서울특별시 강서구 방화동 834,37.5754999,126.8160214,고등학교,공립
고등학교,서울영상고등학교,서울특별시 양천구 신정동 984,37.5231812,126.8600333,고등학교,사립
고등학교,서울금융고등학교,서울특별시 양천구 신월동 43-8,37.5378303,126.8255403,고등학교,공립
고등학교,서울디자인고등학교,서울특별시 마포구 염리동 150,37.5463299,126.9473737,고등학교,사립
고등학교,한세사이버보안고등학교,서울특별시 마포구 아현동 771,37.5517898,126.9520321,고등학교,사립
고등학교,홍익디자인고등학교,서울특별시 마포구 연남동 369-1,37.56350983,126.9191674,고등학교,사립
고등학교,세명컴퓨터고등학교,서울특별시 은평구 불광동 445-35,37.6275592,126.9231578,고등학교,사립
고등학교,은평메디텍고등학교,서울특별시 은평구 진관동 86,37.6351761,126.929375,고등학교,사립
고등학교,신진과학기술고등학교,서울특별시 은평구 응암동 114-1,37.5983306,126.9184276,고등학교,사립
고등학교,동명여자정보산업고등학교,서울특별시 은평구 대조동 91-20,37.6146895,126.9240099,고등학교,사립
고등학교,예일디자인고등학교,서울특별시 은평구 구산동 8-3,37.6101791,126.9151623,고등학교,사립
고등학교,선일이비즈니스고등학교,서울특별시 은평구 갈현동 240-1,37.6197497,126.9126173,고등학교,사립
고등학교,선정관광고등학교,서울특별시 은평구 갈현동 227-5,37.618336,126.9087149,고등학교,사립
고등학교,상일미디어고등학교,서울특별시 강동구 상일동 189,37.54795369,127.1702183,고등학교,사립
고등학교,서울컨벤션고등학교,서울특별시 강동구 고덕동 295-1,37.5592845,127.1576771,고등학교,사립
고등학교,성덕고등학교,서울특별시 강동구 천호동 23-3,37.5495007,127.1425564,고등학교,사립
고등학교,일신여자상업고등학교,서울특별시 송파구 송파동 5-14,37.5017159,127.1135991,고등학교,사립
고등학교,송파공업고등학교,서울특별시 송파구 거여동 354,37.4917279,127.1424358,고등학교,공립
고등학교,대진디자인고등학교,서울특별시 강남구 수서동 733,37.4904401,127.0960046,고등학교,사립
고등학교,단국공업고등학교,서울특별시 강남구 대치동 1013-3,37.4953357,127.0564936,고등학교,사립
고등학교,서울로봇고등학교,서울특별시 강남구 일원동 738,37.4807426,127.0843315,고등학교,공립
고등학교,서울전자고등학교,서울특별시 서초구 방배동 2727,37.4693105,126.988415,고등학교,공립
고등학교,한영외국어고등학교,서울특별시 강동구 상일동 166,37.5489092,127.1581466,고등학교,사립
고등학교,서울체육고등학교,서울특별시 송파구 방이동 88-14,37.5216734,127.130579,고등학교,공립
고등학교,수도전기공업고등학교,서울특별시 강남구 개포동 155,37.48493808,127.0644798,고등학교,사립
고등학교,국립국악고등학교,서울특별시 강남구 개포동 1272,37.475978,127.0516132,고등학교,국립
고등학교,미림여자정보과학고등학교,서울특별시 관악구 신림동 1557-1,37.4665516,126.932908,고등학교,사립
고등학교,국립전통예술고등학교,서울특별시 금천구 시흥동 산24-17,37.4462133,126.9064871,고등학교,국립
고등학교,서울공연예술고등학교,서울특별시 구로구 궁동 147-1,37.5000848,126.8322027,고등학교,사립
고등학교,세종과학고등학교,서울특별시 구로구 궁동 232,37.4968072,126.8276182,고등학교,공립
고등학교,덕원예술고등학교,서울특별시 강서구 내발산동 산59-2,37.5485816,126.8290111,고등학교,사립
고등학교,명덕외국어고등학교,서울특별시 강서구 내발산동 169-1,37.5536011,126.8347305,고등학교,사립
고등학교,한성과학고등학교,서울특별시 서대문구 현저동 산5-47,37.5759859,126.9527945,고등학교,공립
고등학교,서울외국어고등학교,서울특별시 도봉구 창동 35,37.6455929,127.0519514,고등학교,사립
고등학교,대일외국어고등학교,서울특별시 성북구 정릉동 산16-36,37.61330387,127.0141757,고등학교,사립
고등학교,선화예술고등학교,서울특별시 광진구 능동 25,37.55098151,127.087093,고등학교,사립
고등학교,대원외국어고등학교,서울특별시 광진구 중곡동 176-124,37.563079,127.0889497,고등학교,사립
고등학교,이화여자외국어고등학교,서울특별시 중구 순화동 1-1,37.56557705,126.9696428,고등학교,사립
고등학교,서울예술고등학교,서울특별시 종로구 평창동 217,37.605391,126.9691915,고등학교,사립
고등학교,서울국제고등학교,서울특별시 종로구 명륜1가 1-27,37.59134,126.9959635,고등학교,공립
고등학교,서울과학고등학교,서울특별시 종로구 혜화동 1-1,37.5916754,126.9982134,고등학교,공립
고등학교,대원고등학교,서울특별시 광진구 중곡동 176-124,37.563079,127.0889497,고등학교,사립
고등학교,자양고등학교,서울특별시 광진구 자양동 524-11,37.535433,127.0728365,고등학교,공립
고등학교,광남고등학교,서울특별시 광진구 광장동 554-11,37.5413411,127.101751,고등학교,공립
고등학교,성수고등학교,서울특별시 성동구 성수동1가 685-143,37.547981,127.0387013,고등학교,공립
고등학교,무학여자고등학교,서울특별시 성동구 행당동 322-1,37.55676803,127.0335995,고등학교,공립
고등학교,성심여자고등학교,서울특별시 용산구 원효로4가 1-1,37.5341025,126.9542291,고등학교,사립
고등학교,신광여자고등학교,서울특별시 용산구 청파동3가 100,37.5431703,126.9699957,고등학교,사립
고등학교,보성여자고등학교,서울특별시 용산구 용산동2가 1-1123,37.5426751,126.984496,고등학교,사립
고등학교,배문고등학교,서울특별시 용산구 서계동 259-3,37.5499978,126.9639049,고등학교,사립
고등학교,오산고등학교,서울특별시 용산구 보광동 168-73,37.52378179,127.0008688,고등학교,사립
고등학교,용산고등학교,서울특별시 용산구 용산동2가 1,37.5453891,126.979489,고등학교,공립
고등학교,장충고등학교,서울특별시 중구 신당동 432-460,37.5531457,127.0065905,고등학교,사립
고등학교,상명대학교사범대학부속여자고등학교,서울특별시 종로구 홍지동 7-1,37.6041771,126.9556929,고등학교,사립
고등학교,덕성여자고등학교,서울특별시 종로구 안국동 37-1,37.5773697,126.9827378,고등학교,사립
고등학교,배화여자고등학교,서울특별시 종로구 누하동 149,37.57849658,126.9668658,고등학교,사립
고등학교,경신고등학교,서울특별시 종로구 혜화동 5-119,37.5914502,127.0006702,고등학교,사립
고등학교,대신고등학교,서울특별시 종로구 행촌동 171-1,37.5734256,126.9618971,고등학교,사립
고등학교,경복고등학교,서울특별시 종로구 청운동 89-9,37.5867302,126.9717701,고등학교,공립
고등학교,창동고등학교,서울특별시 도봉구 창동 694-10,37.6509764,127.0383612,고등학교,공립
고등학교,자운고등학교,서울특별시 도봉구 창동 1,37.6592612,127.0504663,고등학교,공립
고등학교,효문고등학교,서울특별시 도봉구 쌍문동 468,37.6520737,127.0183236,고등학교,공립
고등학교,누원고등학교,서울특별시 도봉구 도봉동 646,37.6855142,127.0498868,고등학교,공립
고등학교,영훈고등학교,서울특별시 강북구 미아동 471-2,37.613765,127.0278332,고등학교,사립
고등학교,창문여자고등학교,서울특별시 강북구 미아동 8-16,37.6131144,127.0362812,고등학교,사립
고등학교,삼각산고등학교,서울특별시 강북구 미아동 812-4,37.6160393,127.0200563,고등학교,공립
고등학교,혜화여자고등학교,서울특별시 강북구 수유동 468-43,37.6310519,127.0127157,고등학교,공립
고등학교,성신여자고등학교,서울특별시 성북구 돈암동 산11-269,37.5942881,127.0224064,고등학교,사립
고등학교,한성여자고등학교,서울특별시 성북구 삼선동2가 392-2,37.58306327,127.0117841,고등학교,사립
고등학교,고려대학교사범대학부속고등학교,서울특별시 성북구 정릉동 660,37.6098005,127.001572,고등학교,사립
고등학교,홍익대학교사범대학부속고등학교,서울특별시 성북구 성북동 151,37.5940995,127.0032562,고등학교,사립
고등학교,석관고등학교,서울특별시 성북구 석관동 77-1,37.610067,127.0664232,고등학교,공립
고등학교,서울대학교사범대학부설고등학교,서울특별시 성북구 종암동 7-10,37.59472375,127.0381187,고등학교,국립
고등학교,혜원여자고등학교,서울특별시 중랑구 망우동 519,37.592991,127.0967019,고등학교,사립
고등학교,송곡여자고등학교,서울특별시 중랑구 망우동 252-1,37.6063172,127.1053091,고등학교,사립
고등학교,송곡고등학교,서울특별시 중랑구 망우동 239-1,37.6053695,127.1068868,고등학교,사립
고등학교,중화고등학교,서울특별시 중랑구 중화동 21-4,37.6046784,127.0832703,고등학교,공립
고등학교,신현고등학교,서울특별시 중랑구 상봉동 482,37.6052281,127.0929502,고등학교,공립
고등학교,태릉고등학교,서울특별시 중랑구 묵동 6,37.6188414,127.0849496,고등학교,공립
고등학교,휘경여자고등학교,서울특별시 동대문구 휘경동 43-7,37.5831849,127.0673783,고등학교,사립
고등학교,경희여자고등학교,서울특별시 동대문구 회기동 1-5,37.5939495,127.0548902,고등학교,사립
고등학교,해성여자고등학교,서울특별시 동대문구 전농동 90-3,37.5812323,127.0569633,고등학교,사립
고등학교,동국대학교사범대학부속고등학교,서울특별시 동대문구 장안동 328,37.57804844,127.0751336,고등학교,사립
고등학교,휘봉고등학교,서울특별시 동대문구 휘경동 43-138,37.5864773,127.0688515,고등학교,공립
고등학교,건국대학교사범대학부속고등학교,서울특별시 광진구 화양동 528,37.53918331,127.0747099,고등학교,사립
고등학교,대원여자고등학교,서울특별시 광진구 중곡동 176-124,37.563079,127.0889497,고등학교,사립
고등학교,동국대학교사범대학부속여자고등학교,서울특별시 광진구 구의동 238-1,37.5425112,127.0867784,고등학교,사립
고등학교,노원고등학교,서울특별시 노원구 상계동 664,37.6624531,127.0531016,고등학교,공립
고등학교,불암고등학교,서울특별시 노원구 중계동 364-10,37.648924,127.0801792,고등학교,공립
고등학교,상계고등학교,서울특별시 노원구 상계동 738,37.6525328,127.0556823,고등학교,공립
고등학교,정의여자고등학교,서울특별시 도봉구 쌍문동 150-1,37.6529105,127.0318063,고등학교,사립
고등학교,청량고등학교,서울특별시 동대문구 청량리동 7,37.5887771,127.0510593,고등학교,공립
고등학교,대성고등학교,서울특별시 은평구 갈현동 267-17,37.6222852,126.9095921,고등학교,사립
고등학교,수락고등학교,서울특별시 노원구 상계동 1253,37.6827335,127.0535593,고등학교,공립
고등학교,선덕고등학교,서울특별시 도봉구 쌍문동 263,37.655351,127.0268289,고등학교,사립
고등학교,도봉고등학교,서울특별시 도봉구 도봉동 556,37.6867707,127.0428051,고등학교,공립
고등학교,신일고등학교,서울특별시 강북구 미아동 193-1,37.6282824,127.0282661,고등학교,사립
고등학교,미양고등학교,서울특별시 강북구 미아동 837-734,37.6232973,127.0122428,고등학교,공립
고등학교,용문고등학교,서울특별시 성북구 안암동2가 96-1,37.5881284,127.0250507,고등학교,사립
고등학교,경동고등학교,서울특별시 성북구 삼선동3가 43-1,37.586143,127.0149687,고등학교,공립
고등학교,원묵고등학교,서울특별시 중랑구 묵동 23,37.6151791,127.0855959,고등학교,공립
고등학교,면목고등학교,서울특별시 중랑구 면목동 77,37.5842779,127.0971627,고등학교,공립
고등학교,대광고등학교,서울특별시 동대문구 신설동 53-3,37.577861,127.0247227,고등학교,사립
고등학교,경희고등학교,서울특별시 동대문구 이문동 1-3,37.5939495,127.0548902,고등학교,사립
고등학교,광양고등학교,서울특별시 광진구 자양동 668,37.5293846,127.0855989,고등학교,공립
고등학교,한양대학교사범대학부속고등학교,서울특별시 성동구 사근동 223,37.56191893,127.042326,고등학교,사립
고등학교,경일고등학교,서울특별시 성동구 성수동1가 22-27,37.5435875,127.0480483,고등학교,공립
고등학교,중경고등학교,서울특별시 용산구 이촌동 300-302,37.5176026,126.9757149,고등학교,공립
고등학교,이화여자고등학교,서울특별시 중구 순화동 1-1,37.56557705,126.9696428,고등학교,사립
고등학교,성동고등학교,서울특별시 중구 신당동 161,37.5641164,127.0232038,고등학교,공립
고등학교,중앙고등학교,서울특별시 종로구 계동 1,37.584897,126.9870352,고등학교,사립
고등학교,동성고등학교,서울특별시 종로구 혜화동 90-7,37.5850756,127.0024292,고등학교,사립
고등학교,배재고등학교,서울특별시 강동구 고덕동 313,37.5558123,127.1504916,고등학교,사립
고등학교,보인고등학교,서울특별시 송파구 오금동 162,37.4972181,127.1388757,고등학교,사립
고등학교,현대고등학교,서울특별시 강남구 압구정동 425,37.5250492,127.0226425,고등학교,사립
고등학교,중동고등학교,서울특별시 강남구 일원동 618,37.4935585,127.0804483,고등학교,사립
고등학교,휘문고등학교,서울특별시 강남구 대치동 952-1,37.5049279,127.0620662,고등학교,사립
고등학교,세화여자고등학교,서울특별시 서초구 반포동 13,37.5018559,126.9922636,고등학교,사립
고등학교,세화고등학교,서울특별시 서초구 반포동 753,37.5018343,126.9922636,고등학교,사립
고등학교,미림여자고등학교,서울특별시 관악구 신림동 1557-1,37.4665516,126.932908,고등학교,사립
고등학교,당곡고등학교,서울특별시 관악구 봉천동 677,37.4916205,126.9346016,고등학교,공립
고등학교,경문고등학교,서울특별시 동작구 동작동 산4-2,37.4933383,126.9822717,고등학교,사립
고등학교,장훈고등학교,서울특별시 영등포구 신길동 177-1,37.5133645,126.9151152,고등학교,사립
고등학교,대영고등학교,서울특별시 영등포구 신길동 336-2,37.50366271,126.9058641,고등학교,공립
고등학교,금천고등학교,서울특별시 금천구 시흥동 산24-4,37.444959,126.9055327,고등학교,공립
고등학교,우신고등학교,서울특별시 구로구 궁동 230,37.4951383,126.8268765,고등학교,사립
고등학교,고척고등학교,서울특별시 구로구 고척동 287-29,37.5085758,126.8506504,고등학교,공립
고등학교,구현고등학교,서울특별시 구로구 구로동 620-30,37.5022028,126.8744458,고등학교,공립
고등학교,등촌고등학교,서울특별시 강서구 등촌동 691-2,37.5625935,126.8450161,고등학교,공립
고등학교,한가람고등학교,서울특별시 양천구 목동 909-12,37.5376281,126.8841248,고등학교,사립
고등학교,양정고등학교,서울특별시 양천구 목동 911-2,37.5347501,126.8871706,고등학교,사립
고등학교,숭문고등학교,서울특별시 마포구 대흥동 28-14,37.5508728,126.9457596,고등학교,사립
고등학교,상암고등학교,서울특별시 마포구 상암동 1659,37.5813832,126.8836186,고등학교,공립
고등학교,서울여자고등학교,서울특별시 마포구 염리동 128-2,37.5478121,126.9485819,고등학교,공립
고등학교,이화여자대학교사범대학부속이화금란고등학교,서울특별시 서대문구 대신동 47,37.56636584,126.947661,고등학교,사립
고등학교,하나고등학교,서울특별시 은평구 진관동 134-2,37.6409443,126.9367183,고등학교,사립
고등학교,환일고등학교,서울특별시 마포구 아현동 393-1,37.553868,126.9621659,고등학교,사립
고등학교,도선고등학교,서울특별시 성동구 하왕십리동 1070-4,37.566656,127.0271249,고등학교,공립
고등학교,금호고등학교,서울특별시 성동구 금호동1가 1822,37.5536206,127.0234354,고등학교,공립
중학교,영동중학교,서울특별시 서초구 우면동 680,37.4659194,127.025224,중학교,공립
중학교,가재울중학교,서울특별시 서대문구 북가좌동 472,37.57517285,126.9099537,중학교,공립
고등학교,가재울고등학교,서울특별시 서대문구 북가좌동 476,37.5743151,126.9095302,고등학교,공립
초등학교,서울상현초등학교,서울특별시 동작구 상도동 531-1,37.4949618,126.9527374,초등학교,공립
중학교,천왕중학교,서울특별시 구로구 천왕동 273-1,37.48265604,126.8373334,중학교,공립
중학교,마곡중학교,서울특별시 강서구 마곡동 731-73,37.5679071,126.8214007,중학교,공립
고등학교,경복비즈니스고등학교,서울특별시 강서구 등촌동 131,37.5580254,126.8526703,고등학교,사립
초등학교,서울공항초등학교,서울특별시 강서구 마곡동 397-2,37.5632004,126.8215615,초등학교,공립
초등학교,서울공진초등학교,서울특별시 강서구 마곡동 730-676,37.5578048,126.822611,초등학교,공립
초등학교,서울세명초등학교,서울특별시 강남구 세곡동 529,37.46885737,127.0910573,초등학교,공립
고등학교,계성고등학교,서울특별시 성북구 길음동 1284-15,37.6075189,127.0204337,고등학교,사립
중학교,환일중학교,서울특별시 중구 만리동2가 218-2,37.5538139,126.9621659,중학교,사립
초등학교,서울가재울초등학교,서울특별시 서대문구 남가좌동 385-1,37.57376622,126.9183891,초등학교,공립
초등학교,서울어울초등학교,서울특별시 은평구 녹번동 281-5,37.60656187,126.9350984,초등학교,공립
초등학교,서울강솔초등학교,서울특별시 강동구 강일동 694,37.56186818,127.1802689,초등학교,공립
중학교,세곡중학교,서울특별시 강남구 자곡동 617,37.4715425,127.0922007,중학교,공립
초등학교,서울우솔초등학교,서울특별시 서초구 우면동 774,37.45652907,127.0189383,초등학교,공립
초등학교,서울금나래초등학교,서울특별시 금천구 독산동 1153,37.45822937,126.8962417,초등학교,공립
중학교,송례중학교,서울특별시 송파구 장지동 393,37.4777414,127.1396227,중학교,공립
초등학교,서울송례초등학교,서울특별시 송파구 장지동 898,37.4777342,127.1383172,초등학교,공립
초등학교,서울새솔초등학교,서울특별시 중랑구 신내동 241,37.6179891,127.1113289,초등학교,공립
초등학교,서울율현초등학교,서울특별시 강남구 자곡동 56-89,37.4745155,127.1082848,초등학교,공립
초등학교,서울자곡초등학교,서울특별시 강남구 자곡동 642,37.47219144,127.0995995,초등학교,공립
초등학교,서울하늘숲초등학교,서울특별시 구로구 천왕동 산13-1,37.4846884,126.842417,초등학교,공립
초등학교,서울위례별초등학교,서울특별시 송파구 장지동 886,37.47908578,127.1450416,초등학교,공립
초등학교,서울해누리초등학교,서울특별시 송파구 가락동 479,37.49761178,127.1025328,초등학교,공립
초등학교,서울언남초등학교,서울특별시 서초구 내곡동 121,37.4539185,127.0613427,초등학교,공립
고등학교,대일관광고등학교,서울특별시 양천구 신정동 1318-3,37.51141277,126.8349048,고등학교,사립
고등학교,광신고등학교,서울특별시 관악구 신림동 산87-6,37.4651377,126.9256312,고등학교,사립
고등학교,서울미술고등학교,서울특별시 관악구 봉천동 1690-133,37.47676,126.9671283,고등학교,사립
고등학교,서울문영여자고등학교,서울특별시 관악구 봉천동 1695,37.4731302,126.9513293,고등학교,사립
고등학교,성보고등학교,서울특별시 관악구 신림동 1690,37.4801177,126.9207947,고등학교,사립
고등학교,남강고등학교,서울특별시 관악구 신림동 627-1,37.4719974,126.9247473,고등학교,사립
고등학교,삼성고등학교,서울특별시 관악구 신림동 222,37.4691633,126.9436438,고등학교,공립
고등학교,인헌고등학교,서울특별시 관악구 봉천동 174-5,37.4715662,126.9702013,고등학교,공립
고등학교,신림고등학교,서울특별시 관악구 신림동 1566-42,37.4786338,126.9173643,고등학교,공립
고등학교,구암고등학교,서울특별시 관악구 봉천동 1712-25,37.4924558,126.9502242,고등학교,공립
고등학교,숭의여자고등학교,서울특별시 동작구 대방동 20-114,37.5073276,126.9292344,고등학교,사립
고등학교,성남고등학교,서울특별시 동작구 대방동 375-1,37.50528121,126.9266132,고등학교,사립
고등학교,동작고등학교,서울특별시 동작구 사당동 236-23,37.48260068,126.965086,고등학교,공립
고등학교,수도여자고등학교,서울특별시 동작구 신대방동 470-13,37.4931834,126.9155129,고등학교,공립
고등학교,영등포고등학교,서울특별시 동작구 대방동 13-2,37.50905578,126.9347349,고등학교,공립
고등학교,선유고등학교,서울특별시 영등포구 양평동4가 10,37.5339205,126.8948722,고등학교,공립
고등학교,영신고등학교,서울특별시 영등포구 신길동 4656-2,37.4977349,126.9098123,고등학교,공립
고등학교,동북고등학교,서울특별시 강동구 둔촌동 180-2,37.5200101,127.1406733,고등학교,사립
고등학교,선사고등학교,서울특별시 강동구 암사동 448,37.5564791,127.1359719,고등학교,공립
고등학교,강일고등학교,서울특별시 강동구 강일동 685-1,37.5639542,127.1777631,고등학교,공립
고등학교,둔촌고등학교,서울특별시 강동구 둔촌동 79-3,37.530868,127.1439317,고등학교,공립
고등학교,명일여자고등학교,서울특별시 강동구 명일동 40,37.5498157,127.1500544,고등학교,공립
고등학교,영동일고등학교,서울특별시 송파구 잠실동 35-1,37.5099074,127.0897718,고등학교,사립
고등학교,영파여자고등학교,서울특별시 송파구 풍납동 501,37.5326565,127.1202571,고등학교,사립
고등학교,정신여자고등학교,서울특별시 송파구 잠실동 50-4,37.5091964,127.0727415,고등학교,사립
고등학교,잠실여자고등학교,서울특별시 송파구 송파동 99-2,37.5017159,127.1135991,고등학교,사립
고등학교,배명고등학교,서울특별시 송파구 삼전동 172-1,37.4984761,127.0955809,고등학교,사립
고등학교,보성고등학교,서울특별시 송파구 방이동 89-22,37.5195624,127.1351642,고등학교,사립
고등학교,문현고등학교,서울특별시 송파구 장지동 838,37.4812764,127.1287497,고등학교,공립
고등학교,잠신고등학교,서울특별시 송파구 잠실동 22-2,37.5150759,127.0889878,고등학교,공립
고등학교,오금고등학교,서울특별시 송파구 오금동 34-3,37.504487,127.1292797,고등학교,공립
고등학교,가락고등학교,서울특별시 송파구 송파동 172,37.5011923,127.1165911,고등학교,공립
고등학교,문정고등학교,서울특별시 송파구 문정동 90,37.4847089,127.1267288,고등학교,공립
고등학교,방산고등학교,서울특별시 송파구 방이동 220-5,37.508227,127.1204817,고등학교,공립
고등학교,창덕여자고등학교,서울특별시 송파구 방이동 89-6,37.5163989,127.1399737,고등학교,공립
고등학교,잠실고등학교,서울특별시 송파구 신천동 17-1,37.52293007,127.1065132,고등학교,공립
고등학교,잠일고등학교,서울특별시 송파구 잠실동 19-2,37.5140261,127.0814053,고등학교,공립
고등학교,중앙대학교사범대학부속고등학교,서울특별시 강남구 도곡동 산21,37.4919416,127.0521317,고등학교,사립
고등학교,서울세종고등학교,서울특별시 강남구 수서동 711,37.4903266,127.1026224,고등학교,사립
고등학교,진선여자고등학교,서울특별시 강남구 역삼동 713,37.501754,127.0476387,고등학교,사립
고등학교,은광여자고등학교,서울특별시 강남구 도곡동 938-10,37.4879414,127.0359252,고등학교,사립
고등학교,숙명여자고등학교,서울특별시 강남구 도곡동 91,37.4907295,127.0533366,고등학교,사립
고등학교,단국대학교사범대학부속고등학교,서울특별시 강남구 대치동 1013-3,37.4953357,127.0564936,고등학교,사립
고등학교,중산고등학교,서울특별시 강남구 일원동 714,37.485653,127.0808471,고등학교,사립
고등학교,영동고등학교,서울특별시 강남구 청담동 23-4,37.5205869,127.0426288,고등학교,사립
고등학교,청담고등학교,서울특별시 강남구 압구정동 526,37.5278836,127.0435289,고등학교,공립
고등학교,한영고등학교,서울특별시 강동구 상일동 166,37.5489092,127.1581885,고등학교,사립
고등학교,강동고등학교,서울특별시 강동구 상일동 267,37.54991683,127.1606671,고등학교,사립
고등학교,광문고등학교,서울특별시 강동구 고덕동 295,37.5602563,127.1585555,고등학교,사립
고등학교,상일여자고등학교,서울특별시 강동구 상일동 189,37.54795369,127.1702183,고등학교,사립
고등학교,영신여자고등학교,서울특별시 노원구 중계동 118,37.6521121,127.0828722,고등학교,사립
고등학교,청원여자고등학교,서울특별시 노원구 상계동 641,37.6660284,127.0620129,고등학교,사립
고등학교,재현고등학교,서울특별시 노원구 중계동 175,37.6615474,127.0814504,고등학교,사립
고등학교,대진고등학교,서울특별시 노원구 하계동 55-5,37.6376049,127.07504,고등학교,사립
고등학교,서라벌고등학교,서울특별시 노원구 중계동 313,37.6449003,127.0758322,고등학교,사립
고등학교,청원고등학교,서울특별시 노원구 상계동 641,37.6660284,127.0620129,고등학교,사립
고등학교,월계고등학교,서울특별시 노원구 월계동 778,37.6317394,127.0486715,고등학교,공립
고등학교,진명여자고등학교,서울특별시 양천구 목동 927-6,37.523798,126.8661298,고등학교,사립
고등학교,양천고등학교,서울특별시 양천구 신정동 산109-1,37.5088072,126.8459167,고등학교,사립
고등학교,광영고등학교,서울특별시 양천구 신월동 43-3,37.53779,126.8241065,고등학교,사립
고등학교,강서고등학교,서울특별시 양천구 목동 735,37.5364895,126.8663661,고등학교,사립
고등학교,신서고등학교,서울특별시 양천구 신정동 984-1,37.5237867,126.860093,고등학교,공립
고등학교,신목고등학교,서울특별시 양천구 신정동 330-3,37.5128286,126.8734611,고등학교,공립
고등학교,금옥여자고등학교,서울특별시 양천구 신정동 729,37.5106219,126.8442611,고등학교,공립
고등학교,홍익대학교사범대학부속여자고등학교,서울특별시 마포구 성산동 산11-60,37.5601072,126.9134939,고등학교,사립
고등학교,경성고등학교,서울특별시 마포구 연남동 369-1,37.56350983,126.9191674,고등학교,사립
고등학교,광성고등학교,서울특별시 마포구 신수동 91-20,37.5486226,126.9363687,고등학교,사립
고등학교,명지고등학교,서울특별시 서대문구 홍은동 361-30,37.5848709,126.9270773,고등학교,사립
고등학교,중앙여자고등학교,서울특별시 서대문구 북아현동 190-1,37.5628641,126.9531684,고등학교,사립
고등학교,한성고등학교,서울특별시 서대문구 북아현동 170-1,37.55909581,126.9544615,고등학교,사립
고등학교,인창고등학교,서울특별시 서대문구 충정로2가 70,37.5651781,126.9639075,고등학교,사립
고등학교,선정고등학교,서울특별시 은평구 갈현동 227-5,37.618336,126.9087107,고등학교,사립
고등학교,예일여자고등학교,서울특별시 은평구 구산동 8-3,37.6101791,126.9151623,고등학교,사립
고등학교,선일여자고등학교,서울특별시 은평구 갈현동 240-1,37.6197497,126.9126173,고등학교,사립
고등학교,동명여자고등학교,서울특별시 은평구 대조동 91-20,37.6146895,126.9240099,고등학교,사립
고등학교,숭실고등학교,서울특별시 은평구 신사동 300-88,37.593125,126.9032327,고등학교,사립
고등학교,충암고등학교,서울특별시 은평구 응암동 272-113,37.5850457,126.9217386,고등학교,사립
고등학교,은평고등학교,서울특별시 은평구 구산동 164,37.6092227,126.9058482,고등학교,공립
고등학교,진관고등학교,서울특별시 은평구 진관동 17,37.6433754,126.9244109,고등학교,공립
고등학교,신도고등학교,서울특별시 은평구 진관동 242-38,37.6291368,126.9184892,고등학교,공립
고등학교,상명고등학교,서울특별시 노원구 중계동 515,37.6494211,127.0682567,고등학교,사립
고등학교,염광고등학교,서울특별시 노원구 월계동 820,37.63025824,127.0492435,고등학교,사립
고등학교,한국삼육고등학교,서울특별시 노원구 공릉동 26-38,37.6431424,127.1062512,고등학교,사립
고등학교,대진여자고등학교,서울특별시 노원구 중계동 514-2,37.6464458,127.0672803,고등학교,사립
고등학교,용화여자고등학교,서울특별시 노원구 상계동 696,37.6588542,127.0583806,고등학교,사립
고등학교,혜성여자고등학교,서울특별시 노원구 하계동 산16-47,37.640511,127.0736034,고등학교,사립
고등학교,관악고등학교,서울특별시 영등포구 양평동2가 12-1,37.5214463,126.8829505,고등학교,공립
고등학교,여의도여자고등학교,서울특별시 영등포구 여의도동 40-2,37.5229622,126.9349823,고등학교,공립
고등학교,영등포여자고등학교,서울특별시 영등포구 신길동 184-3,37.5153771,126.9152716,고등학교,공립
고등학교,여의도고등학교,서울특별시 영등포구 여의도동 30-1,37.5252751,126.9336842,고등학교,공립
고등학교,동일여자고등학교,서울특별시 금천구 시흥동 산100-4,37.45167193,126.9168874,고등학교,사립
고등학교,문일고등학교,서울특별시 금천구 시흥동 559-1,37.4493523,126.8984231,고등학교,사립
고등학교,독산고등학교,서울특별시 금천구 독산동 907-34,37.4760267,126.9108536,고등학교,공립
고등학교,오류고등학교,서울특별시 구로구 궁동 110-1,37.4996945,126.8282053,고등학교,사립
고등학교,신도림고등학교,서울특별시 구로구 신도림동 270-2,37.5136678,126.8820338,고등학교,공립
고등학교,구일고등학교,서울특별시 구로구 구로동 685-194,37.4941106,126.873852,고등학교,공립
고등학교,구로고등학교,서울특별시 구로구 구로동 105-1,37.4984981,126.8896924,고등학교,공립
고등학교,경인고등학교,서울특별시 구로구 고척동 66-28,37.4964171,126.8657015,고등학교,공립
고등학교,한광고등학교,서울특별시 강서구 화곡동 488-2,37.5388666,126.8578799,고등학교,사립
고등학교,한서고등학교,서울특별시 강서구 방화동 478-34,37.5746018,126.8081599,고등학교,사립
고등학교,명덕여자고등학교,서울특별시 강서구 내발산동 169-1,37.5536011,126.8347305,고등학교,사립
고등학교,덕원여자고등학교,서울특별시 강서구 내발산동 산59-2,37.5485816,126.8290111,고등학교,사립
고등학교,경복여자고등학교,서울특별시 강서구 등촌동 131,37.55782075,126.8505974,고등학교,사립
고등학교,영일고등학교,서울특별시 강서구 등촌동 525,37.5473671,126.8618151,고등학교,사립
고등학교,동양고등학교,서울특별시 강서구 가양동 1464,37.5687587,126.8470842,고등학교,사립
고등학교,명덕고등학교,서울특별시 강서구 내발산동 169-1,37.5536011,126.8347305,고등학교,사립
고등학교,화곡고등학교,서울특별시 강서구 내발산동 산48-3,37.5480355,126.831698,고등학교,사립
고등학교,마포고등학교,서울특별시 강서구 등촌동 82-1,37.55998993,126.8531328,고등학교,사립
고등학교,대일고등학교,서울특별시 강서구 등촌동 산88,37.5394531,126.8632842,고등학교,사립
고등학교,세현고등학교,서울특별시 강서구 가양동 1491,37.5604161,126.8637798,고등학교,공립
고등학교,수명고등학교,서울특별시 강서구 내발산동 758,37.5497013,126.8242688,고등학교,공립
고등학교,공항고등학교,서울특별시 강서구 방화동 648-1,37.56929277,126.8063246,고등학교,공립
고등학교,백암고등학교,서울특별시 양천구 신정동 733,37.5117371,126.8440539,고등학교,사립
고등학교,광영여자고등학교,서울특별시 양천구 신월동 43-3,37.53779,126.8241074,고등학교,사립
고등학교,목동고등학교,서울특별시 양천구 신정동 325-8,37.5090728,126.8607466,고등학교,사립
고등학교,압구정고등학교,서울특별시 강남구 압구정동 470,37.5311729,127.0328538,고등학교,공립
고등학교,개포고등학교,서울특별시 강남구 개포동 173,37.4846776,127.0596014,고등학교,공립
고등학교,경기여자고등학교,서울특별시 강남구 개포동 152,37.486824,127.0660933,고등학교,공립
고등학교,경기고등학교,서울특별시 강남구 삼성동 74-4,37.5161265,127.05525,고등학교,공립
고등학교,동덕여자고등학교,서울특별시 서초구 방배동 산82,37.4759144,126.9927567,고등학교,사립
고등학교,서문여자고등학교,서울특별시 서초구 방배동 1514,37.4885743,126.985083,고등학교,사립
고등학교,상문고등학교,서울특별시 서초구 방배동 1000-2,37.4794948,127.0045069,고등학교,사립
고등학교,언남고등학교,서울특별시 서초구 양재동 309,37.4725868,127.042718,고등학교,공립
고등학교,서초고등학교,서울특별시 서초구 서초동 1504,37.4893168,127.0057059,고등학교,공립
고등학교,양재고등학교,서울특별시 서초구 서초동 1376-4,37.4827746,127.0324921,고등학교,공립
고등학교,반포고등학교,서울특별시 서초구 반포동 30-19,37.5022177,127.016153,고등학교,공립
고등학교,서울고등학교,서울특별시 서초구 서초동 1526-1,37.4842697,127.005399,고등학교,공립
고등학교,영락고등학교,서울특별시 관악구 봉천동 1558-1,37.4763092,126.9446913,고등학교,사립
중학교,동대문중학교,서울특별시 동대문구 전농동 322-17,37.5742981,127.0519039,중학교,공립
중학교,전농중학교,서울특별시 동대문구 전농동 58-1,37.5803315,127.0601296,중학교,공립
중학교,전일중학교,서울특별시 동대문구 전농동 60-1,37.5819789,127.0583551,중학교,공립
중학교,장평중학교,서울특별시 동대문구 장안동 352,37.5665027,127.0705294,중학교,공립
중학교,숭인중학교,서울특별시 동대문구 답십리동 463-1,37.5737834,127.0438537,중학교,공립
중학교,은평중학교,서울특별시 은평구 구산동 182-44,37.6107316,126.9084436,중학교,공립
중학교,진관중학교,서울특별시 은평구 진관동 16,37.6439091,126.9256292,중학교,공립
중학교,신도중학교,서울특별시 은평구 진관동 208,37.6327604,126.9308427,중학교,공립
중학교,증산중학교,서울특별시 은평구 증산동 산24-4,37.5833357,126.9039526,중학교,공립
중학교,구산중학교,서울특별시 은평구 구산동 182-45,37.6096859,126.9088711,중학교,공립
중학교,혜원여자중학교,서울특별시 중랑구 망우동 519,37.592991,127.0967967,중학교,사립
중학교,영란여자중학교,서울특별시 중랑구 망우동 220,37.6037439,127.1049617,중학교,사립
중학교,송곡여자중학교,서울특별시 중랑구 망우동 252-1,37.6063172,127.1053091,중학교,사립
중학교,장안중학교,서울특별시 중랑구 중화동 288-26,37.6005832,127.0809446,중학교,공립
중학교,중랑중학교,서울특별시 중랑구 중화동 276-1,37.6051919,127.0813987,중학교,공립
중학교,신현중학교,서울특별시 중랑구 상봉동 483,37.6046114,127.0916088,중학교,공립
중학교,상봉중학교,서울특별시 중랑구 상봉동 282,37.6014604,127.0900877,중학교,공립
중학교,태릉중학교,서울특별시 중랑구 묵동 121-278,37.6123214,127.0830802,중학교,공립
중학교,원묵중학교,서울특별시 중랑구 묵동 12,37.6177721,127.0840347,중학교,공립
중학교,용마중학교,서울특별시 중랑구 면목동 378-2,37.5743518,127.0860548,중학교,공립
중학교,면목중학교,서울특별시 중랑구 면목동 490,37.5830377,127.0960613,중학교,공립
중학교,중화중학교,서울특별시 중랑구 면목동 83,37.5846058,127.0952009,중학교,공립
중학교,봉화중학교,서울특별시 중랑구 망우동 122-1,37.5960866,127.1042177,중학교,공립
중학교,동원중학교,서울특별시 중랑구 망우동 85-3,37.6037348,127.1088882,중학교,공립
중학교,대광중학교,서울특별시 동대문구 신설동 53-3,37.577861,127.0247227,중학교,사립
중학교,경희여자중학교,서울특별시 동대문구 회기동 1-5,37.5939495,127.0548902,중학교,사립
중학교,휘경여자중학교,서울특별시 동대문구 휘경동 43-7,37.5831849,127.0673783,중학교,사립
중학교,정화여자중학교,서울특별시 동대문구 제기동 293,37.5857064,127.0408473,중학교,사립
중학교,동국대학교사범대학부속중학교,서울특별시 동대문구 장안동 328,37.57804844,127.0751705,중학교,사립
중학교,경희중학교,서울특별시 동대문구 이문동 1-3,37.5939495,127.0548902,중학교,사립
중학교,휘경중학교,서울특별시 동대문구 휘경동 286-66,37.5871413,127.0620517,중학교,공립
중학교,전동중학교,서울특별시 동대문구 휘경동 49-295,37.5856607,127.0711298,중학교,공립
중학교,청량중학교,서울특별시 동대문구 청량리동 14,37.5878065,127.0511245,중학교,공립
중학교,성일중학교,서울특별시 동대문구 제기동 271-41,37.5812877,127.0340095,중학교,공립
중학교,창천중학교,서울특별시 마포구 노고산동 33-1,37.5548546,126.9393201,중학교,공립
중학교,성사중학교,서울특별시 마포구 성산동 124,37.5682832,126.9133116,중학교,공립
중학교,서울여자중학교,서울특별시 마포구 염리동 128-2,37.5478121,126.9485819,중학교,공립
중학교,명지중학교,서울특별시 서대문구 홍은동 323-9,37.5848709,126.9270773,중학교,사립
중학교,이화여자대학교사범대학부속이화금란중학교,서울특별시 서대문구 대신동 47,37.56312436,126.9443854,중학교,사립
중학교,정원여자중학교,서울특별시 서대문구 홍은동 산11-141,37.5850101,126.9332912,중학교,사립
중학교,중앙여자중학교,서울특별시 서대문구 북아현동 190-1,37.5628641,126.9531684,중학교,사립
중학교,동명여자중학교,서울특별시 서대문구 천연동 31-1,37.5685235,126.9623079,중학교,사립
중학교,한성중학교,서울특별시 서대문구 북아현동 170-1,37.55909581,126.9544568,중학교,사립
중학교,인창중학교,서울특별시 서대문구 충정로2가 70,37.5651781,126.9639075,중학교,사립
중학교,인왕중학교,서울특별시 서대문구 홍제동 9-27,37.5926488,126.9517708,중학교,공립
중학교,홍은중학교,서울특별시 서대문구 홍은동 183,37.5926855,126.9351327,중학교,공립
중학교,서연중학교,서울특별시 서대문구 연희동 267-1,37.5681089,126.9276344,중학교,공립
중학교,연북중학교,서울특별시 서대문구 연희동 141,37.5772168,126.9385603,중학교,공립
중학교,신연중학교,서울특별시 서대문구 연희동 1-107,37.5824549,126.9394981,중학교,공립
중학교,연희중학교,서울특별시 서대문구 남가좌동 368-1,37.5794106,126.9187767,중학교,공립
중학교,충암중학교,서울특별시 은평구 응암동 272-113,37.5850457,126.9217386,중학교,사립
중학교,영락중학교,서울특별시 은평구 응암동 226-13,37.59695868,126.9251334,중학교,사립
중학교,선정중학교,서울특별시 은평구 갈현동 227-5,37.618336,126.9087107,중학교,사립
중학교,예일여자중학교,서울특별시 은평구 구산동 8-3,37.6101791,126.9151623,중학교,사립
중학교,선일여자중학교,서울특별시 은평구 갈현동 240-1,37.6197088,126.9126173,중학교,사립
중학교,숭실중학교,서울특별시 은평구 신사동 300-88,37.593125,126.9032327,중학교,사립
중학교,대성중학교,서울특별시 은평구 갈현동 267-17,37.6222852,126.9095921,중학교,사립
중학교,연서중학교,서울특별시 은평구 증산동 193-21,37.5869994,126.9097051,중학교,공립
중학교,덕산중학교,서울특별시 은평구 신사동 265-4,37.6021261,126.9044799,중학교,공립
중학교,상신중학교,서울특별시 은평구 신사동 141,37.5898474,126.906663,중학교,공립
중학교,연천중학교,서울특별시 은평구 불광동 441-1,37.6274422,126.9258482,중학교,공립
중학교,연신중학교,서울특별시 은평구 불광동 400-4,37.6234911,126.9247507,중학교,공립
중학교,불광중학교,서울특별시 은평구 불광동 173,37.6230951,126.932123,중학교,공립
중학교,안천중학교,서울특별시 금천구 독산동 1089,37.4593606,126.8874105,중학교,공립
중학교,난곡중학교,서울특별시 금천구 독산동 906-41,37.4778025,126.9107419,중학교,공립
중학교,가산중학교,서울특별시 금천구 독산동 300-21,37.4685225,126.8943615,중학교,공립
중학교,세일중학교,서울특별시 금천구 독산동 147-2,37.4746253,126.8954859,중학교,공립
중학교,문성중학교,서울특별시 금천구 독산동 61,37.4754183,126.9079037,중학교,공립
중학교,시흥중학교,서울특별시 금천구 시흥동 산24-15,37.4460493,126.9051484,중학교,공립
중학교,우신중학교,서울특별시 구로구 궁동 230,37.4951383,126.8268765,중학교,사립
중학교,영서중학교,서울특별시 구로구 구로동 145-20,37.4889819,126.8942198,중학교,공립
중학교,영림중학교,서울특별시 구로구 구로동 105-2,37.4975539,126.8903736,중학교,공립
중학교,구로중학교,서울특별시 구로구 구로동 90,37.4946496,126.8909153,중학교,공립
중학교,오류중학교,서울특별시 구로구 고척동 243,37.5078957,126.8461243,중학교,공립
중학교,고척중학교,서울특별시 구로구 고척동 76-2,37.5002646,126.861981,중학교,공립
중학교,개웅중학교,서울특별시 구로구 개봉동 273-15,37.4873146,126.851246,중학교,공립
중학교,개봉중학교,서울특별시 구로구 개봉동 24-2,37.5029403,126.8422137,중학교,공립
중학교,오남중학교,서울특별시 구로구 오류동 산39-40,37.4871448,126.8359411,중학교,공립
중학교,경인중학교,서울특별시 구로구 개봉동 143-4,37.4982046,126.8542405,중학교,공립
중학교,신도림중학교,서울특별시 구로구 신도림동 311-1,37.5108953,126.8853644,중학교,공립
중학교,구일중학교,서울특별시 구로구 구로동 685-161,37.4950996,126.8737218,중학교,공립
중학교,동도중학교,서울특별시 마포구 염리동 150,37.5463299,126.9473737,중학교,사립
중학교,홍익대학교사범대학부속여자중학교,서울특별시 마포구 성산동 산11-31,37.5601359,126.9134939,중학교,사립
중학교,경성중학교,서울특별시 마포구 연남동 369-1,37.56350983,126.9191674,중학교,사립
중학교,광성중학교,서울특별시 마포구 신수동 91-20,37.5486226,126.9363687,중학교,사립
중학교,숭문중학교,서울특별시 마포구 대흥동 28-16,37.55088946,126.9457706,중학교,사립
중학교,상암중학교,서울특별시 마포구 상암동 1657,37.5788784,126.8878697,중학교,공립
중학교,성산중학교,서울특별시 마포구 합정동 365-1,37.547454,126.9160619,중학교,공립
중학교,중암중학교,서울특별시 마포구 중동 63,37.5723226,126.9033873,중학교,공립
중학교,아현중학교,서울특별시 마포구 아현동 267-1,37.5564008,126.9565001,중학교,공립
중학교,신수중학교,서울특별시 마포구 신수동 371-1,37.546446,126.9336333,중학교,공립
중학교,성서중학교,서울특별시 마포구 성산동 588-9,37.5626372,126.9085186,중학교,공립
중학교,하계중학교,서울특별시 노원구 하계동 231-4,37.6410862,127.0719341,중학교,공립
중학교,상경중학교,서울특별시 노원구 상계동 653,37.6670457,127.0533357,중학교,공립
중학교,상원중학교,서울특별시 노원구 상계동 632,37.6715436,127.0595044,중학교,공립
중학교,선덕중학교,서울특별시 도봉구 쌍문동 263,37.655351,127.0268289,중학교,사립
중학교,정의여자중학교,서울특별시 도봉구 쌍문동 150-1,37.6529105,127.0318063,중학교,사립
중학교,창북중학교,서울특별시 도봉구 창동 683-15,37.6494708,127.0385766,중학교,공립
중학교,창일중학교,서울특별시 도봉구 창동 369,37.6488018,127.0465188,중학교,공립
중학교,노곡중학교,서울특별시 도봉구 창동 32,37.6485909,127.053561,중학교,공립
중학교,효문중학교,서울특별시 도봉구 쌍문동 468,37.6520737,127.0183774,중학교,공립
중학교,신도봉중학교,서울특별시 도봉구 쌍문동 94-1,37.6492547,127.0331989,중학교,공립
중학교,백운중학교,서울특별시 도봉구 쌍문동 68-2,37.6563724,127.0358991,중학교,공립
중학교,창동중학교,서울특별시 도봉구 방학동 722-27,37.6629833,127.0497887,중학교,공립
중학교,방학중학교,서울특별시 도봉구 방학동 313,37.6653358,127.0316064,중학교,공립
중학교,신방학중학교,서울특별시 도봉구 방학동 307-1,37.6636445,127.0295168,중학교,공립
중학교,도봉중학교,서울특별시 도봉구 도봉동 622-40,37.6707284,127.0459742,중학교,공립
중학교,북서울중학교,서울특별시 도봉구 도봉동 585,37.6813005,127.0430239,중학교,공립
중학교,여의도중학교,서울특별시 영등포구 여의도동 40-1,37.5239481,126.9357145,중학교,공립
중학교,윤중중학교,서울특별시 영등포구 여의도동 38-2,37.5189785,126.923703,중학교,공립
중학교,대영중학교,서울특별시 영등포구 신길동 342-49,37.503337,126.9049773,중학교,공립
중학교,양화중학교,서울특별시 영등포구 문래동3가 48,37.5197727,126.8960538,중학교,공립
중학교,대림중학교,서울특별시 영등포구 대림동 959,37.4920503,126.9077656,중학교,공립
중학교,영남중학교,서울특별시 영등포구 대림동 735,37.4976237,126.8958925,중학교,공립
중학교,선유중학교,서울특별시 영등포구 양평동3가 82,37.5328432,126.8942213,중학교,공립
중학교,문래중학교,서울특별시 영등포구 문래동6가 44,37.5202148,126.884443,중학교,공립
중학교,당산서중학교,서울특별시 영등포구 당산동5가 5,37.5322632,126.8985048,중학교,공립
중학교,당산중학교,서울특별시 영등포구 당산동 121,37.5314041,126.9075733,중학교,공립
중학교,영원중학교,서울특별시 영등포구 영등포동 576-6,37.5150593,126.913731,중학교,공립
중학교,동일중학교,서울특별시 금천구 시흥동 산100-4,37.45167193,126.9168874,중학교,사립
중학교,문일중학교,서울특별시 금천구 시흥동 559-1,37.4493523,126.8984231,중학교,사립
중학교,덕성여자중학교,서울특별시 종로구 송현동 34,37.5779699,126.9817133,중학교,사립
중학교,경신중학교,서울특별시 종로구 혜화동 5-119,37.5914502,127.0006702,중학교,사립
중학교,동성중학교,서울특별시 종로구 혜화동 90-7,37.5850524,127.0024292,중학교,사립
중학교,대신중학교,서울특별시 종로구 행촌동 171-1,37.5734256,126.9618971,중학교,사립
중학교,청운중학교,서울특별시 종로구 청운동 89-142,37.5896155,126.970349,중학교,공립
중학교,서울대학교사범대학부설여자중학교,서울특별시 종로구 동숭동 199-51,37.5770935,127.003843,중학교,국립
중학교,재현중학교,서울특별시 노원구 중계동 129-2,37.6615474,127.0814504,중학교,사립
중학교,청원중학교,서울특별시 노원구 상계동 641,37.6660284,127.0620129,중학교,사립
중학교,상명중학교,서울특별시 노원구 중계동 515,37.6494211,127.0682006,중학교,사립
중학교,염광중학교,서울특별시 노원구 월계동 820,37.6302165,127.0492435,중학교,사립
중학교,광운중학교,서울특별시 노원구 월계동 500,37.6208454,127.0561467,중학교,사립
중학교,신상중학교,서울특별시 노원구 상계동 754-4,37.6516104,127.0636359,중학교,공립
중학교,중평중학교,서울특별시 노원구 하계동 271-2,37.6369404,127.062228,중학교,공립
중학교,중원중학교,서울특별시 노원구 중계동 511-3,37.6441977,127.0680699,중학교,공립
중학교,을지중학교,서울특별시 노원구 중계동 360-19,37.6495848,127.071707,중학교,공립
중학교,중계중학교,서울특별시 노원구 중계동 358-3,37.6550962,127.0754735,중학교,공립
중학교,상계제일중학교,서울특별시 노원구 중계동 132,37.661342,127.0777604,중학교,공립
중학교,신창중학교,서울특별시 노원구 월계동 805-5,37.6283226,127.0474202,중학교,공립
중학교,월계중학교,서울특별시 노원구 월계동 602-1,37.6305995,127.0523673,중학교,공립
중학교,녹천중학교,서울특별시 노원구 월계동 321-7,37.6313108,127.0620087,중학교,공립
중학교,수락중학교,서울특별시 노원구 상계동 1254,37.6827948,127.0545923,중학교,공립
중학교,노일중학교,서울특별시 노원구 상계동 1044,37.6725826,127.0539025,중학교,공립
중학교,노원중학교,서울특별시 노원구 상계동 743,37.6491471,127.0594579,중학교,공립
중학교,온곡중학교,서울특별시 노원구 상계동 687,37.6602624,127.0644701,중학교,공립
중학교,상계중학교,서울특별시 노원구 상계동 195-5,37.6526466,127.0688583,중학교,공립
중학교,한천중학교,서울특별시 노원구 공릉동 481,37.63131305,127.0724683,중학교,공립
중학교,태랑중학교,서울특별시 노원구 공릉동 117,37.6266378,127.0918527,중학교,공립
중학교,공릉중학교,서울특별시 노원구 공릉동 250,37.6222083,127.0837653,중학교,공립
중학교,불암중학교,서울특별시 노원구 하계동 288-3,37.6459258,127.0735521,중학교,공립
중학교,송파중학교,서울특별시 송파구 가락동 139,37.4960117,127.1297717,중학교,공립
중학교,석촌중학교,서울특별시 송파구 가락동 43,37.5011612,127.1212477,중학교,공립
중학교,잠실중학교,서울특별시 송파구 신천동 7-1,37.5178192,127.0986647,중학교,공립
중학교,잠신중학교,서울특별시 송파구 잠실동 22-1,37.5158407,127.0876619,중학교,공립
중학교,신천중학교,서울특별시 송파구 잠실동 19-4,37.5162057,127.0783933,중학교,공립
중학교,문정중학교,서울특별시 송파구 문정동 12-1,37.4885685,127.1299473,중학교,공립
중학교,가원중학교,서울특별시 송파구 가락동 106-3,37.490634,127.1230469,중학교,공립
중학교,오륜중학교,서울특별시 송파구 방이동 89-7,37.5161458,127.1388726,중학교,공립
중학교,서울체육중학교,서울특별시 송파구 방이동 88-14,37.5216734,127.130579,중학교,공립
중학교,방산중학교,서울특별시 송파구 방이동 220,37.5091513,127.1219039,중학교,공립
중학교,성심여자중학교,서울특별시 용산구 원효로4가 1-1,37.5341025,126.9542291,중학교,사립
중학교,보성여자중학교,서울특별시 용산구 용산동2가 1-1123,37.5426751,126.9844016,중학교,사립
중학교,신광여자중학교,서울특별시 용산구 청파동3가 100,37.5431703,126.9699957,중학교,사립
중학교,배문중학교,서울특별시 용산구 서계동 259-3,37.54991971,126.9639049,중학교,사립
중학교,오산중학교,서울특별시 용산구 보광동 168-4,37.52378179,127.0008688,중학교,사립
중학교,용강중학교,서울특별시 용산구 이촌동 301-78,37.5211849,126.9758922,중학교,공립
중학교,한강중학교,서울특별시 용산구 서빙고동 4-1,37.523952,126.9923454,중학교,공립
중학교,선린중학교,서울특별시 용산구 청파동3가 131-2,37.5427169,126.9663628,중학교,공립
중학교,용산중학교,서울특별시 용산구 용산동2가 1-1623,37.5463224,126.9810267,중학교,공립
중학교,장충중학교,서울특별시 중구 신당동 432-460,37.5531662,127.0065905,중학교,사립
중학교,대경중학교,서울특별시 중구 신당동 333-579,37.55669583,127.0175331,중학교,사립
중학교,한양중학교,서울특별시 중구 신당동 224-2,37.5653699,127.0118163,중학교,사립
중학교,장원중학교,서울특별시 중구 신당동 432-35,37.5537683,127.0063639,중학교,공립
중학교,덕수중학교,서울특별시 중구 인현동2가 3,37.5653267,126.9972317,중학교,공립
중학교,금호여자중학교,서울특별시 중구 신당동 36-235,37.5578679,127.0200384,중학교,공립
중학교,창덕여자중학교,서울특별시 중구 정동 27-3,37.5664694,126.9695822,중학교,공립
중학교,중앙중학교,서울특별시 종로구 계동 1-23,37.584897,126.9870352,중학교,사립
중학교,상명대학교사범대학부속여자중학교,서울특별시 종로구 홍지동 7-1,37.6041771,126.9556929,중학교,사립
중학교,배화여자중학교,서울특별시 종로구 누상동 150,37.57849658,126.9668889,중학교,사립
중학교,동신중학교,서울특별시 강동구 천호동 447-9,37.536407,127.1343241,중학교,사립
중학교,천호중학교,서울특별시 강동구 천호동 38-1,37.5466448,127.1392699,중학교,공립
중학교,강일중학교,서울특별시 강동구 암사동 414-17,37.5551525,127.1382586,중학교,공립
중학교,신암중학교,서울특별시 강동구 암사동 444,37.555955,127.1330777,중학교,공립
중학교,성내중학교,서울특별시 강동구 성내동 530,37.529222,127.1296609,중학교,공립
중학교,한산중학교,서울특별시 강동구 둔촌동 161-1,37.5287123,127.1402895,중학교,공립
중학교,신명중학교,서울특별시 강동구 길동 42,37.54182637,127.1492982,중학교,공립
중학교,명일중학교,서울특별시 강동구 고덕동 489,37.557063,127.1477463,중학교,공립
중학교,고덕중학교,서울특별시 강동구 고덕동 223,37.5601307,127.1610289,중학교,공립
중학교,강동중학교,서울특별시 강동구 강일동 347-3,37.5694623,127.177855,중학교,공립
중학교,둔촌중학교,서울특별시 강동구 둔촌동 19-1,37.5304436,127.145921,중학교,공립
중학교,천일중학교,서울특별시 강동구 천호동 313-5,37.5458932,127.1275908,중학교,공립
중학교,강명중학교,서울특별시 강동구 강일동 737,37.55559451,127.1748984,중학교,공립
중학교,정신여자중학교,서울특별시 송파구 잠실동 50-4,37.5091964,127.0727415,중학교,사립
중학교,일신여자중학교,서울특별시 송파구 송파동 99-2,37.5017771,127.1135991,중학교,사립
중학교,영파여자중학교,서울특별시 송파구 풍납동 501,37.5326565,127.1202571,중학교,사립
중학교,보인중학교,서울특별시 송파구 오금동 162,37.497266,127.1388757,중학교,사립
중학교,배명중학교,서울특별시 송파구 삼전동 172-1,37.4984761,127.0955809,중학교,사립
중학교,보성중학교,서울특별시 송파구 방이동 89-22,37.5195022,127.1351642,중학교,사립
중학교,문현중학교,서울특별시 송파구 장지동 838-3,37.4805468,127.1279339,중학교,공립
중학교,아주중학교,서울특별시 송파구 잠실동 115,37.50522875,127.0765489,중학교,공립
중학교,풍성중학교,서울특별시 송파구 풍납동 388-16,37.5255948,127.1127759,중학교,공립
중학교,풍납중학교,서울특별시 송파구 풍납동 390,37.5255375,127.1159443,중학교,공립
중학교,오주중학교,서울특별시 송파구 오금동 59,37.50166,127.136224,중학교,공립
중학교,오금중학교,서울특별시 송파구 오금동 34,37.5050018,127.1282173,중학교,공립
중학교,세륜중학교,서울특별시 송파구 오금동 7-3,37.5085227,127.1312179,중학교,공립
중학교,가락중학교,서울특별시 송파구 송파동 168,37.5026324,127.1186676,중학교,공립
중학교,방이중학교,서울특별시 송파구 방이동 53,37.5149532,127.113231,중학교,공립
중학교,거원중학교,서울특별시 송파구 거여동 296,37.4874893,127.1465347,중학교,공립
중학교,공진중학교,서울특별시 강서구 가양동 1476,37.5664762,126.851037,중학교,공립
중학교,수명중학교,서울특별시 강서구 내발산동 757,37.5486465,126.8236662,중학교,공립
중학교,삼정중학교,서울특별시 강서구 방화동 856,37.581086,126.8108847,중학교,공립
중학교,성재중학교,서울특별시 강서구 가양동 1463,37.5692295,126.8452929,중학교,공립
중학교,등명중학교,서울특별시 강서구 등촌동 690-4,37.5601467,126.8433052,중학교,공립
중학교,봉영여자중학교,서울특별시 양천구 신정동 325-8,37.5090728,126.8607466,중학교,사립
중학교,양정중학교,서울특별시 양천구 목동 911-2,37.5347501,126.8871706,중학교,사립
중학교,영도중학교,서울특별시 양천구 목동 735,37.5364895,126.8663661,중학교,사립
중학교,월촌중학교,서울특별시 양천구 목동 909,37.5375617,126.882725,중학교,공립
중학교,금옥중학교,서울특별시 양천구 신정동 729,37.5106219,126.8442611,중학교,공립
중학교,목동중학교,서울특별시 양천구 신정동 88-1,37.5206085,126.8717016,중학교,공립
중학교,강신중학교,서울특별시 양천구 신월동 1010,37.5150787,126.8388714,중학교,공립
중학교,양천중학교,서울특별시 양천구 신월동 948,37.5195099,126.8307371,중학교,공립
중학교,양강중학교,서울특별시 양천구 신월동 499-2,37.5246363,126.849861,중학교,공립
중학교,양서중학교,서울특별시 양천구 신월동 169-4,37.5322157,126.8291403,중학교,공립
중학교,신원중학교,서울특별시 양천구 신월동 43-4,37.5367988,126.8238344,중학교,공립
중학교,신월중학교,서울특별시 양천구 신월동 17-6,37.5406576,126.8285666,중학교,공립
중학교,신화중학교,서울특별시 양천구 신월동 17-7,37.5406168,126.8300275,중학교,공립
중학교,신남중학교,서울특별시 양천구 신월동 610-3,37.520554,126.8478926,중학교,공립
중학교,목일중학교,서울특별시 양천구 신정동 330-2,37.5133313,126.8737628,중학교,공립
중학교,신서중학교,서울특별시 양천구 신정동 310-6,37.51596581,126.8550154,중학교,공립
중학교,신목중학교,서울특별시 양천구 목동 902-1,37.5368606,126.8728552,중학교,공립
중학교,양동중학교,서울특별시 양천구 목동 600-6,37.5479348,126.8691419,중학교,공립
중학교,목운중학교,서울특별시 양천구 목동 922,37.5269022,126.8730106,중학교,공립
중학교,한영중학교,서울특별시 강동구 상일동 166,37.5489092,127.1581466,중학교,사립
중학교,성덕여자중학교,서울특별시 강동구 천호동 23-3,37.5495933,127.1425564,중학교,사립
중학교,상일여자중학교,서울특별시 강동구 상일동 189,37.54795369,127.1702183,중학교,사립
중학교,동북중학교,서울특별시 강동구 둔촌동 180-2,37.5200101,127.1406733,중학교,사립
중학교,배재중학교,서울특별시 강동구 고덕동 313,37.5558123,127.1504916,중학교,사립
중학교,동덕여자중학교,서울특별시 서초구 방배동 산81-5,37.4759144,126.9927567,중학교,사립
중학교,세화여자중학교,서울특별시 서초구 반포동 13,37.5018559,126.9922636,중학교,사립
중학교,신동중학교,서울특별시 서초구 잠원동 54-6,37.5167005,127.0129459,중학교,공립
중학교,언남중학교,서울특별시 서초구 양재동 310,37.4724059,127.0444116,중학교,공립
중학교,서초중학교,서울특별시 서초구 서초동 1741-13,37.4854122,127.0087082,중학교,공립
중학교,서운중학교,서울특별시 서초구 서초동 1325-1,37.493993,127.0247303,중학교,공립
중학교,서일중학교,서울특별시 서초구 서초동 1313,37.4990561,127.0221387,중학교,공립
중학교,방배중학교,서울특별시 서초구 반포동 586-1,37.4944786,126.9982545,중학교,공립
중학교,신반포중학교,서울특별시 서초구 반포동 3-1,37.5060693,126.995876,중학교,공립
중학교,원촌중학교,서울특별시 서초구 반포동 22,37.506062,127.0139388,중학교,공립
중학교,경원중학교,서울특별시 서초구 잠원동 66-1,37.5107518,127.0089613,중학교,공립
중학교,이수중학교,서울특별시 서초구 방배동 974-22,37.4809574,126.9903022,중학교,공립
중학교,반포중학교,서울특별시 서초구 반포동 936,37.5030439,126.9918514,중학교,공립
중학교,등촌중학교,서울특별시 강서구 등촌동 산36-4,37.552641,126.8594058,중학교,사립
중학교,덕원중학교,서울특별시 강서구 내발산동 산58,37.5485816,126.8290111,중학교,사립
중학교,신정여자중학교,서울특별시 강서구 화곡동 477-1,37.5380245,126.8568925,중학교,사립
중학교,명덕여자중학교,서울특별시 강서구 내발산동 169-1,37.5536011,126.834718,중학교,사립
중학교,화곡중학교,서울특별시 강서구 내발산동 715,37.5488204,126.8328267,중학교,사립
중학교,마포중학교,서울특별시 강서구 등촌동 82-1,37.55998993,126.8531328,중학교,사립
중학교,등원중학교,서울특별시 강서구 등촌동 707-4,37.5597222,126.851607,중학교,공립
중학교,화원중학교,서울특별시 강서구 화곡동 351-94,37.5363887,126.8425137,중학교,공립
중학교,염경중학교,서울특별시 강서구 염창동 79-8,37.5540683,126.8707547,중학교,공립
중학교,염창중학교,서울특별시 강서구 염창동 85,37.5539218,126.8717382,중학교,공립
중학교,방원중학교,서울특별시 강서구 방화동 808,37.5760462,126.8088127,중학교,공립
중학교,방화중학교,서울특별시 강서구 방화동 636-1,37.5651074,126.8068782,중학교,공립
중학교,백석중학교,서울특별시 강서구 등촌동 520-5,37.5483517,126.858808,중학교,공립
중학교,송정중학교,서울특별시 강서구 공항동 768-1,37.5537316,126.8150759,중학교,공립
중학교,공항중학교,서울특별시 강서구 공항동 12-3,37.5624596,126.8153399,중학교,공립
중학교,경서중학교,서울특별시 강서구 가양동 1483,37.56124257,126.8577618,중학교,공립
중학교,영등포중학교,서울특별시 동작구 대방동 13-2,37.50905578,126.9347349,중학교,공립
중학교,상도중학교,서울특별시 동작구 사당동 181-20,37.4908204,126.961525,중학교,공립
중학교,동작중학교,서울특별시 동작구 동작동 59-1,37.4949969,126.9772383,중학교,공립
중학교,국사봉중학교,서울특별시 동작구 상도동 214-437,37.4935736,126.9441046,중학교,공립
중학교,상현중학교,서울특별시 동작구 상도동 111-52,37.4939896,126.9603553,중학교,공립
중학교,강남중학교,서울특별시 동작구 대방동 390-6,37.50276353,126.923345,중학교,공립
중학교,은성중학교,서울특별시 강남구 도곡동 938-10,37.4879414,127.0359252,중학교,사립
중학교,진선여자중학교,서울특별시 강남구 역삼동 713,37.501754,127.0476387,중학교,사립
중학교,숙명여자중학교,서울특별시 강남구 도곡동 91,37.4907295,127.0533366,중학교,사립
중학교,중동중학교,서울특별시 강남구 일원동 692,37.488319,127.0786207,중학교,사립
중학교,단국대학교사범대학부속중학교,서울특별시 강남구 대치동 1013-2,37.4953357,127.0564936,중학교,사립
중학교,휘문중학교,서울특별시 강남구 대치동 952-1,37.504951,127.0620662,중학교,사립
중학교,개원중학교,서울특별시 강남구 개포동 184,37.4918658,127.071402,중학교,공립
중학교,청담중학교,서울특별시 강남구 청담동 143,37.5285802,127.0454332,중학교,공립
중학교,역삼중학교,서울특별시 강남구 역삼동 767-20,37.4956447,127.0490787,중학교,공립
중학교,압구정중학교,서울특별시 강남구 압구정동 471,37.5302105,127.0329599,중학교,공립
중학교,신구중학교,서울특별시 강남구 신사동 621,37.5273302,127.0322082,중학교,공립
중학교,수서중학교,서울특별시 강남구 수서동 710,37.4910655,127.1023885,중학교,공립
중학교,봉은중학교,서울특별시 강남구 삼성동 82-7,37.5189411,127.0621196,중학교,공립
중학교,언주중학교,서울특별시 강남구 삼성동 28,37.51465442,127.0466835,중학교,공립
중학교,도곡중학교,서울특별시 강남구 도곡동 541-2,37.4923472,127.0450882,중학교,공립
중학교,대치중학교,서울특별시 강남구 도곡동 460,37.4845654,127.0472825,중학교,공립
중학교,대명중학교,서울특별시 강남구 대치동 952,37.5063402,127.0608974,중학교,공립
중학교,구룡중학교,서울특별시 강남구 개포동 650,37.4862777,127.0560795,중학교,공립
중학교,대청중학교,서울특별시 강남구 대치동 502,37.4905203,127.0583895,중학교,공립
중학교,대왕중학교,서울특별시 강남구 수서동 750,37.483438,127.0873271,중학교,공립
중학교,신사중학교,서울특별시 강남구 압구정동 410,37.5247079,127.02115,중학교,공립
중학교,언북중학교,서울특별시 강남구 논현동 69,37.51928,127.033073,중학교,공립
중학교,서문여자중학교,서울특별시 서초구 방배동 1514,37.4885743,126.985083,중학교,사립
중학교,성수중학교,서울특별시 성동구 성수동1가 685-143,37.547981,127.0387013,중학교,공립
중학교,광희중학교,서울특별시 성동구 응봉동 193,37.5511529,127.0339817,중학교,공립
중학교,무학중학교,서울특별시 성동구 행당동 322-1,37.5576839,127.0319747,중학교,공립
중학교,성보중학교,서울특별시 관악구 신림동 1690,37.4801177,126.9207947,중학교,사립
중학교,광신중학교,서울특별시 관악구 신림동 산87-6,37.4651411,126.9256312,중학교,사립
중학교,서울문영여자중학교,서울특별시 관악구 봉천동 1695,37.4731302,126.9513293,중학교,사립
중학교,남강중학교,서울특별시 관악구 신림동 627-1,37.4719974,126.9247473,중학교,사립
중학교,남서울중학교,서울특별시 관악구 신림동 1690-3,37.48213616,126.921037,중학교,공립
중학교,미성중학교,서울특별시 관악구 신림동 745-24,37.4754058,126.9122182,중학교,공립
중학교,난우중학교,서울특별시 관악구 신림동 652-156,37.4666807,126.9228102,중학교,공립
중학교,삼성중학교,서울특별시 관악구 신림동 220-1,37.4673643,126.9428252,중학교,공립
중학교,신림중학교,서울특별시 관악구 신림동 133,37.4705384,126.9453094,중학교,공립
중학교,신관중학교,서울특별시 관악구 신림동 산168-10,37.479929,126.9344578,중학교,공립
중학교,인헌중학교,서울특별시 관악구 봉천동 1647,37.4729052,126.9695872,중학교,공립
중학교,관악중학교,서울특별시 관악구 봉천동 100-569,37.4808692,126.9618525,중학교,공립
중학교,봉원중학교,서울특별시 관악구 봉천동 25-19,37.4840797,126.9583607,중학교,공립
중학교,구암중학교,서울특별시 관악구 봉천동 1712-5,37.4925845,126.9485751,중학교,공립
중학교,당곡중학교,서울특별시 관악구 봉천동 682,37.4919353,126.9330422,중학교,공립
중학교,봉림중학교,서울특별시 관악구 봉천동 1531-38,37.4806354,126.9381575,중학교,공립
중학교,중앙대학교사범대학부속중학교,서울특별시 동작구 흑석동 86,37.50362915,126.9617331,중학교,사립
중학교,숭의여자중학교,서울특별시 동작구 대방동 20-114,37.5073276,126.9292344,중학교,사립
중학교,성남중학교,서울특별시 동작구 대방동 375-1,37.50528121,126.9266132,중학교,사립
중학교,동양중학교,서울특별시 동작구 흑석동 198-90,37.5101255,126.9562366,중학교,사립
중학교,대방중학교,서울특별시 동작구 신대방동 492-200,37.4952932,126.913764,중학교,공립
중학교,문창중학교,서울특별시 동작구 신대방동 364-58,37.4958029,126.921645,중학교,공립
중학교,강현중학교,서울특별시 동작구 상도동 335-5,37.5032309,126.9314655,중학교,공립
중학교,장승중학교,서울특별시 동작구 상도동 175-1,37.5031484,126.9408336,중학교,공립
중학교,남성중학교,서울특별시 동작구 사당동 304-45,37.4789892,126.972489,중학교,공립
중학교,사당중학교,서울특별시 동작구 사당동 209-16,37.4876148,126.9688695,중학교,공립
중학교,북악중학교,서울특별시 성북구 정릉동 640-3,37.6067612,127.0017022,중학교,공립
중학교,장위중학교,서울특별시 성북구 장위동 231-623,37.6113882,127.0415045,중학교,공립
중학교,개운중학교,서울특별시 성북구 돈암동 83-145,37.5944775,127.0248807,중학교,공립
중학교,석관중학교,서울특별시 성북구 석관동 88-2,37.6081903,127.0664388,중학교,공립
중학교,숭곡중학교,서울특별시 성북구 하월곡동 87-1,37.6084237,127.0313391,중학교,공립
중학교,월곡중학교,서울특별시 성북구 상월곡동 35-1,37.6067125,127.0480815,중학교,공립
중학교,삼선중학교,서울특별시 성북구 동소문동4가 278-174,37.5911454,127.0079042,중학교,공립
중학교,서울대학교사범대학부설중학교,서울특별시 성북구 종암동 7-10,37.59581903,127.0391338,중학교,국립
중학교,길음중학교,서울특별시 성북구 길음동 635-7,37.613752,127.0170477,중학교,공립
중학교,건국대학교사범대학부속중학교,서울특별시 광진구 화양동 528-4,37.54172317,127.0815966,중학교,사립
중학교,대원국제중학교,서울특별시 광진구 중곡동 176-124,37.563079,127.0889497,중학교,사립
중학교,동국대학교사범대학부속여자중학교,서울특별시 광진구 구의동 238-1,37.5425112,127.0867784,중학교,사립
중학교,구의중학교,서울특별시 광진구 화양동 303-18,37.542871,127.0788098,중학교,공립
중학교,용곡중학교,서울특별시 광진구 중곡동 176-77,37.5659416,127.0889488,중학교,공립
중학교,광진중학교,서울특별시 광진구 자양동 693,37.5322529,127.0899425,중학교,공립
중학교,광양중학교,서울특별시 광진구 자양동 674,37.5301959,127.0860302,중학교,공립
중학교,신양중학교,서울특별시 광진구 자양동 57-8,37.5334046,127.0631265,중학교,공립
중학교,광남중학교,서울특별시 광진구 광장동 554-15,37.5404965,127.1013527,중학교,공립
중학교,양진중학교,서울특별시 광진구 광장동 414-1,37.5444966,127.0983485,중학교,공립
중학교,광장중학교,서울특별시 광진구 광장동 394-5,37.5471908,127.1017601,중학교,공립
중학교,자양중학교,서울특별시 광진구 자양동 524-10,37.5352283,127.0745207,중학교,공립
중학교,한양대학교사범대학부속중학교,서울특별시 성동구 사근동 223,37.56191893,127.042326,중학교,사립
중학교,행당중학교,서울특별시 성동구 행당동 66-3,37.5544241,127.041886,중학교,공립
중학교,옥정중학교,서울특별시 성동구 옥수동 227,37.5414774,127.0125119,중학교,공립
중학교,성원중학교,서울특별시 성동구 성수동2가 333-17,37.5393617,127.0513099,중학교,공립
중학교,경일중학교,서울특별시 성동구 성수동1가 22-27,37.5435875,127.0480483,중학교,공립
중학교,마장중학교,서울특별시 성동구 마장동 766-49,37.5682297,127.042205,중학교,공립
중학교,동마중학교,서울특별시 성동구 마장동 405-45,37.5626557,127.0403012,중학교,공립
중학교,경수중학교,서울특별시 성동구 성수동2가 268,37.53950922,127.0592721,중학교,공립
중학교,영훈국제중학교,서울특별시 강북구 미아동 471-2,37.613765,127.0278332,중학교,사립
중학교,성암여자중학교,서울특별시 강북구 미아동 320-1,37.6207774,127.0244484,중학교,사립
중학교,창문여자중학교,서울특별시 강북구 미아동 8-16,37.6131144,127.036282,중학교,사립
중학교,신일중학교,서울특별시 강북구 미아동 193-1,37.6282824,127.0282661,중학교,사립
중학교,서라벌중학교,서울특별시 강북구 우이동 103-9,37.6568687,127.0111715,중학교,사립
중학교,화계중학교,서울특별시 강북구 수유동 491-28,37.63251698,127.0097112,중학교,공립
중학교,수유중학교,서울특별시 강북구 수유동 491-61,37.631337,127.0109264,중학교,공립
중학교,인수중학교,서울특별시 강북구 수유동 551,37.6438503,127.0099435,중학교,공립
중학교,번동중학교,서울특별시 강북구 번동 231,37.6325721,127.0362701,중학교,공립
중학교,미양중학교,서울특별시 강북구 미아동 837-734,37.6232973,127.0122428,중학교,공립
중학교,삼각산중학교,서울특별시 강북구 미아동 1357-11,37.6161958,127.0146577,중학교,공립
중학교,강북중학교,서울특별시 강북구 수유동 694,37.6449188,127.0259441,중학교,공립
중학교,수송중학교,서울특별시 강북구 번동 456-1,37.6364725,127.0339379,중학교,공립
중학교,고려대학교사범대학부속중학교,서울특별시 성북구 정릉동 660,37.6098269,127.001572,중학교,사립
중학교,성신여자중학교,서울특별시 성북구 돈암동 산11-269,37.5938951,127.0232532,중학교,사립
중학교,한성여자중학교,서울특별시 성북구 삼선동2가 395-4,37.58200014,127.0113123,중학교,사립
중학교,동구여자중학교,서울특별시 성북구 성북동 168-275,37.5935994,127.0071027,중학교,사립
중학교,남대문중학교,서울특별시 성북구 장위동 126,37.6186278,127.0557873,중학교,사립
중학교,홍익대학교사범대학부속중학교,서울특별시 성북구 성북동 151,37.5940995,127.0032562,중학교,사립
중학교,용문중학교,서울특별시 성북구 안암동2가 96-1,37.5881284,127.0250507,중학교,사립
중학교,고명중학교,서울특별시 성북구 돈암동 45-88,37.5975051,127.0199016,중학교,사립
중학교,종암중학교,서울특별시 성북구 종암동 32-3,37.5929663,127.0317443,중학교,공립
초등학교,서울구의초등학교,서울특별시 광진구 화양동 303-9,37.5429178,127.0799578,초등학교,공립
초등학교,서울화양초등학교,서울특별시 광진구 화양동 12-2,37.5442711,127.0710885,초등학교,공립
초등학교,서울용곡초등학교,서울특별시 광진구 중곡동 176-1,37.5667073,127.0888036,초등학교,공립
초등학교,서울중마초등학교,서울특별시 광진구 중곡동 191-69,37.5658572,127.0795806,초등학교,공립
초등학교,서울중광초등학교,서울특별시 광진구 중곡동 220-22,37.5651174,127.0823539,초등학교,공립
초등학교,서울용마초등학교,서울특별시 광진구 중곡동 135-1,37.5580253,127.0842831,초등학교,공립
초등학교,서울양남초등학교,서울특별시 광진구 자양동 692,37.5307926,127.0896606,초등학교,공립
초등학교,서울성자초등학교,서울특별시 광진구 자양동 662,37.5313762,127.083306,초등학교,공립
초등학교,서울신자초등학교,서울특별시 광진구 자양동 591,37.530094,127.0754494,초등학교,공립
초등학교,서울신양초등학교,서울특별시 광진구 자양동 504,37.5344735,127.0695411,초등학교,공립
초등학교,서울동자초등학교,서울특별시 광진구 자양동 518-1,37.5346695,127.072115,초등학교,공립
초등학교,서울자양초등학교,서울특별시 광진구 자양동 222-6,37.5369104,127.079457,초등학교,공립
초등학교,서울장안초등학교,서울특별시 광진구 군자동 365,37.550187,127.0723512,초등학교,공립
초등학교,서울우이초등학교,서울특별시 강북구 수유동 409-6,37.6382919,127.0149018,초등학교,공립
초등학교,서울인수초등학교,서울특별시 강북구 수유동 551-19,37.6428713,127.0095645,초등학교,공립
초등학교,서울수유초등학교,서울특별시 강북구 수유동 55-5,37.6309311,127.0202469,초등학교,공립
초등학교,서울수송초등학교,서울특별시 강북구 번동 456,37.6368875,127.0332312,초등학교,공립
초등학교,서울미양초등학교,서울특별시 강북구 미아동 837-687,37.6214401,127.0134047,초등학교,공립
초등학교,서울화계초등학교,서울특별시 강북구 미아동 127-2,37.6237383,127.0290073,초등학교,공립
초등학교,서울송중초등학교,서울특별시 강북구 미아동 94-1,37.6171496,127.0314853,초등학교,공립
초등학교,서울송천초등학교,서울특별시 강북구 미아동 438,37.6157991,127.0234085,초등학교,공립
초등학교,서울삼각산초등학교,서울특별시 강북구 미아동 1353-10,37.6161958,127.0146577,초등학교,공립
초등학교,서울삼양초등학교,서울특별시 강북구 미아동 791-1932,37.6236198,127.0163359,초등학교,공립
초등학교,서울오현초등학교,서울특별시 강북구 번동 248,37.6233407,127.0466629,초등학교,공립
초등학교,서울번동초등학교,서울특별시 강북구 번동 236,37.6288618,127.040486,초등학교,공립
초등학교,매원초등학교,서울특별시 성북구 돈암동 45-88,37.5975051,127.0199016,초등학교,사립
초등학교,광운초등학교,서울특별시 성북구 장위동 130,37.6185837,127.0547069,초등학교,사립
초등학교,대광초등학교,서울특별시 성북구 보문동7가 111,37.5790746,127.0235617,초등학교,사립
초등학교,우촌초등학교,서울특별시 성북구 돈암동 609,37.5956079,127.011768,초등학교,사립
초등학교,성신초등학교,서울특별시 성북구 돈암동 산11-269,37.5938951,127.0232532,초등학교,사립
초등학교,서울숭인초등학교,서울특별시 성북구 하월곡동 222-4,37.6086811,127.0383578,초등학교,공립
초등학교,서울숭례초등학교,서울특별시 성북구 종암동 22-1,37.5946714,127.0351047,초등학교,공립
초등학교,서울일신초등학교,서울특별시 성북구 종암동 1-79,37.598358,127.0403502,초등학교,공립
초등학교,서울청덕초등학교,서울특별시 성북구 정릉동 847,37.6120317,127.0003392,초등학교,공립
초등학교,서울정릉초등학교,서울특별시 성북구 정릉동 798-1,37.6196406,127.0052212,초등학교,공립
초등학교,서울정수초등학교,서울특별시 성북구 정릉동 431-62,37.6038358,127.0076054,초등학교,공립
초등학교,서울장곡초등학교,서울특별시 성북구 장위동 235,37.6167024,127.0479449,초등학교,공립
초등학교,서울장위초등학교,서울특별시 성북구 장위동 68-8,37.6118041,127.0499238,초등학교,공립
초등학교,서울성북초등학교,서울특별시 성북구 성북동 66-1,37.59405236,126.9987771,초등학교,공립
초등학교,서울석관초등학교,서울특별시 성북구 석관동 205,37.6108859,127.0587469,초등학교,공립
초등학교,서울석계초등학교,서울특별시 성북구 석관동 27-3,37.6087957,127.0697429,초등학교,공립
초등학교,서울개운초등학교,서울특별시 성북구 돈암동 2-8,37.6016762,127.0275455,초등학교,공립
초등학교,영훈초등학교,서울특별시 강북구 미아동 471-2,37.613765,127.0278071,초등학교,사립
초등학교,서울유현초등학교,서울특별시 강북구 수유동 466-52,37.631794,127.0119185,초등학교,공립
초등학교,서울구남초등학교,서울특별시 광진구 구의동 587-95,37.5369552,127.0922582,초등학교,공립
초등학교,서울광진초등학교,서울특별시 광진구 구의동 60-44,37.5475549,127.0913267,초등학교,공립
초등학교,서울동의초등학교,서울특별시 광진구 구의동 4-5,37.5533639,127.0988011,초등학교,공립
초등학교,서울광장초등학교,서울특별시 광진구 광장동 389-1,37.548446,127.1009404,초등학교,공립
초등학교,서울광남초등학교,서울특별시 광진구 광장동 554,37.5408154,127.1009346,초등학교,공립
초등학교,서울양진초등학교,서울특별시 광진구 광장동 414-1,37.5444966,127.0983249,초등학교,공립
초등학교,한양초등학교,서울특별시 성동구 사근동 110,37.5577626,127.0506164,초등학교,사립
초등학교,서울행현초등학교,서울특별시 성동구 행당동 317-18,37.5575664,127.0293584,초등학교,공립
초등학교,서울무학초등학교,서울특별시 성동구 하왕십리동 950-1,37.5632029,127.029532,초등학교,공립
초등학교,서울응봉초등학교,서울특별시 성동구 응봉동 193,37.55025195,127.0338274,초등학교,공립
초등학교,서울용답초등학교,서울특별시 성동구 용답동 29,37.5607301,127.0535393,초등학교,공립
초등학교,서울옥정초등학교,서울특별시 성동구 옥수동 233-16,37.5418992,127.0156748,초등학교,공립
초등학교,서울송원초등학교,서울특별시 성동구 송정동 72-8,37.5542158,127.0694688,초등학교,공립
초등학교,서울미아초등학교,서울특별시 성북구 길음동 1168,37.6105142,127.0215272,초등학교,공립
초등학교,서울길음초등학교,서울특별시 성북구 길음동 635-7,37.6138873,127.0170282,초등학교,공립
초등학교,서울월곡초등학교,서울특별시 성북구 장위동 246-194,37.6098232,127.0464227,초등학교,공립
초등학교,서울장월초등학교,서울특별시 성북구 장위동 316,37.62164,127.0471628,초등학교,공립
초등학교,서울숭곡초등학교,서울특별시 성북구 하월곡동 84-86,37.6084672,127.0327171,초등학교,공립
초등학교,서울길원초등학교,서울특별시 성북구 길음동 1280-4,37.6089012,127.0167359,초등학교,공립
초등학교,서울숭덕초등학교,서울특별시 성북구 정릉동 173-1,37.6039265,127.013379,초등학교,공립
초등학교,서울동신초등학교,서울특별시 성북구 보문동3가 228,37.5828688,127.0168792,초등학교,공립
초등학교,서울안암초등학교,서울특별시 성북구 안암동2가 93,37.5871519,127.022577,초등학교,공립
초등학교,서울삼선초등학교,서울특별시 성북구 삼선동3가 30-4,37.5861798,127.0125195,초등학교,공립
초등학교,서울정덕초등학교,서울특별시 성북구 동소문동7가 118-1,37.5979453,127.0133571,초등학교,공립
초등학교,서울돈암초등학교,서울특별시 성북구 동소문동6가 27-1,37.5937144,127.0131031,초등학교,공립
초등학교,성동초등학교,서울특별시 광진구 자양동 694-1,37.53328065,127.0892809,초등학교,사립
초등학교,경복초등학교,서울특별시 광진구 능동 25,37.5498296,127.0867929,초등학교,사립
초등학교,세종초등학교,서울특별시 광진구 군자동 98,37.55302019,127.0728767,초등학교,사립
초등학교,서울면중초등학교,서울특별시 중랑구 면목동 491-1,37.5824024,127.0966419,초등학교,공립
초등학교,서울면일초등학교,서울특별시 중랑구 망우동 438-2,37.5921204,127.0998536,초등학교,공립
초등학교,서울망우초등학교,서울특별시 중랑구 망우동 153-1,37.598329,127.1035908,초등학교,공립
초등학교,서울면북초등학교,서울특별시 중랑구 망우동 119,37.5944753,127.1034704,초등학교,공립
초등학교,서울동원초등학교,서울특별시 중랑구 망우동 216,37.6047385,127.1049497,초등학교,공립
초등학교,서울면남초등학교,서울특별시 중랑구 면목동 583-15,37.5769839,127.0880206,초등학교,공립
초등학교,서울면목초등학교,서울특별시 중랑구 면목동 221,37.591356,127.0876154,초등학교,공립
초등학교,은석초등학교,서울특별시 동대문구 장안동 328,37.5785598,127.0757635,초등학교,사립
초등학교,서울삼육초등학교,서울특별시 동대문구 회기동 102-48,37.5891291,127.0477488,초등학교,사립
초등학교,경희초등학교,서울특별시 동대문구 회기동 산4-50,37.5939495,127.0548902,초등학교,사립
초등학교,서울휘봉초등학교,서울특별시 동대문구 휘경동 49-27,37.5859982,127.0701251,초등학교,공립
초등학교,서울청량초등학교,서울특별시 동대문구 회기동 1-1,37.5919847,127.0558443,초등학교,공립
초등학교,서울홍릉초등학교,서울특별시 동대문구 청량리동 206-44,37.5909805,127.0474406,초등학교,공립
초등학교,서울종암초등학교,서울특별시 동대문구 제기동 1157,37.5821589,127.0311722,초등학교,공립
초등학교,서울홍파초등학교,서울특별시 동대문구 제기동 678,37.5858976,127.0395874,초등학교,공립
초등학교,서울전농초등학교,서울특별시 동대문구 전농동 298,37.5744176,127.0542426,초등학교,공립
초등학교,서울전곡초등학교,서울특별시 동대문구 전농동 188,37.5805755,127.0562692,초등학교,공립
초등학교,서울전동초등학교,서울특별시 동대문구 전농동 45-41,37.5790952,127.061138,초등학교,공립
초등학교,서울배봉초등학교,서울특별시 동대문구 전농동 3-111,37.580028,127.0659414,초등학교,공립
초등학교,서울안평초등학교,서울특별시 동대문구 장안동 353-1,37.5657116,127.0713495,초등학교,공립
초등학교,서울장평초등학교,서울특별시 동대문구 장안동 323,37.5738074,127.0732688,초등학교,공립
초등학교,서울군자초등학교,서울특별시 동대문구 장안동 239-2,37.5643015,127.0613471,초등학교,공립
초등학교,서울이문초등학교,서울특별시 동대문구 이문동 358-34,37.60204,127.0641929,초등학교,공립
초등학교,서울용두초등학교,서울특별시 동대문구 용두동 237-1,37.5757428,127.0288848,초등학교,공립
초등학교,서울신답초등학교,서울특별시 동대문구 답십리동 463-13,37.5730006,127.0433994,초등학교,공립
초등학교,서울답십리초등학교,서울특별시 동대문구 답십리동 274,37.569003,127.0554225,초등학교,공립
초등학교,서울동답초등학교,서울특별시 동대문구 답십리동 2-24,37.5718166,127.0642055,초등학교,공립
초등학교,서울휘경초등학교,서울특별시 동대문구 휘경동 302-2,37.5857358,127.0581216,초등학교,공립
초등학교,서울불광초등학교,서울특별시 은평구 불광동 272-2,37.61342855,126.9307204,초등학교,공립
초등학교,서울연신초등학교,서울특별시 은평구 불광동 73-1,37.6262605,126.9282737,초등학교,공립
초등학교,서울대조초등학교,서울특별시 은평구 대조동 212-1,37.6132233,126.9195884,초등학교,공립
초등학교,서울수리초등학교,서울특별시 은평구 불광동 639,37.6204888,126.9342435,초등학교,공립
초등학교,서울녹번초등학교,서울특별시 은평구 녹번동 174,37.604291,126.926111,초등학교,공립
초등학교,서울은평초등학교,서울특별시 은평구 녹번동 40-3,37.6019568,126.9341059,초등학교,공립
초등학교,서울구산초등학교,서울특별시 은평구 구산동 152-3,37.6124476,126.9094521,초등학교,공립
초등학교,서울구현초등학교,서울특별시 은평구 구산동 164,37.6092227,126.9058482,초등학교,공립
초등학교,서울갈현초등학교,서울특별시 은평구 갈현동 451-15,37.6192587,126.9166431,초등학교,공립
초등학교,서울북한산초등학교,서울특별시 은평구 진관동 산3,37.6540522,126.950338,초등학교,공립
초등학교,서울진관초등학교,서울특별시 은평구 진관동 8,37.645051,126.9291301,초등학교,공립
초등학교,서울은진초등학교,서울특별시 은평구 진관동 104,37.632607,126.9209282,초등학교,공립
초등학교,서울신도초등학교,서울특별시 은평구 진관동 108,37.6327684,126.9291409,초등학교,공립
초등학교,서울은빛초등학교,서울특별시 은평구 진관동 41-25,37.6351712,126.9200278,초등학교,공립
초등학교,금성초등학교,서울특별시 중랑구 신내동 651,37.6150153,127.0900306,초등학교,사립
초등학교,서울중흥초등학교,서울특별시 중랑구 중화동 119,37.6016352,127.08414,초등학교,공립
초등학교,서울묵동초등학교,서울특별시 중랑구 중화동 277-1,37.6040651,127.0814383,초등학교,공립
초등학교,서울봉화초등학교,서울특별시 중랑구 신내동 655,37.613289,127.0923924,초등학교,공립
초등학교,서울중화초등학교,서울특별시 중랑구 신내동 531,37.6030032,127.0946485,초등학교,공립
초등학교,서울신내초등학교,서울특별시 중랑구 신내동 444,37.6048021,127.1001538,초등학교,공립
초등학교,서울신현초등학교,서울특별시 중랑구 신내동 663,37.6055132,127.0934688,초등학교,공립
초등학교,서울상봉초등학교,서울특별시 중랑구 상봉동 312-1,37.5981845,127.0836798,초등학교,공립
초등학교,서울신묵초등학교,서울특별시 중랑구 묵동 246-12,37.6072679,127.0755519,초등학교,공립
초등학교,서울묵현초등학교,서울특별시 중랑구 묵동 242-55,37.6089983,127.0736243,초등학교,공립
초등학교,서울원묵초등학교,서울특별시 중랑구 묵동 11,37.6178662,127.0864307,초등학교,공립
초등학교,서울중랑초등학교,서울특별시 중랑구 면목동 192-1,37.5893695,127.0757847,초등학교,공립
초등학교,서울중목초등학교,서울특별시 중랑구 면목동 180-5,37.5897528,127.0793361,초등학교,공립
초등학교,서울면동초등학교,서울특별시 중랑구 면목동 551,37.5854287,127.0866805,초등학교,공립
초등학교,서울중곡초등학교,서울특별시 중랑구 면목동 380,37.5745386,127.083847,초등학교,공립
초등학교,서울인왕초등학교,서울특별시 서대문구 홍제동 241-113,37.5901698,126.9450604,초등학교,공립
초등학교,서울안산초등학교,서울특별시 서대문구 홍제동 44,37.5790158,126.9515446,초등학교,공립
초등학교,서울홍연초등학교,서울특별시 서대문구 홍은동 305,37.5818632,126.9309472,초등학교,공립
초등학교,서울창서초등학교,서울특별시 서대문구 창천동 53-38,37.5576122,126.9338905,초등학교,공립
초등학교,서울연희초등학교,서울특별시 서대문구 연희동 88-1,37.569167,126.9339564,초등학교,공립
초등학교,서울북가좌초등학교,서울특별시 서대문구 북가좌동 376-17,37.5774792,126.9074665,초등학교,공립
초등학교,서울대신초등학교,서울특별시 서대문구 대현동 67-1,37.5580828,126.947849,초등학교,공립
초등학교,서울연가초등학교,서울특별시 서대문구 남가좌동 364-6,37.5802016,126.9180758,초등학교,공립
초등학교,서울북성초등학교,서울특별시 서대문구 북아현동 215,37.5591762,126.9522691,초등학교,공립
초등학교,서울홍제초등학교,서울특별시 서대문구 홍은동 48-112,37.5931186,126.9448285,초등학교,공립
초등학교,서울홍은초등학교,서울특별시 서대문구 홍제동 286-5,37.5974199,126.9496287,초등학교,공립
초등학교,서울금화초등학교,서울특별시 서대문구 천연동 13-1,37.5683284,126.9630251,초등학교,공립
초등학교,서울미동초등학교,서울특별시 서대문구 미근동 36-1,37.5631109,126.9662737,초등학교,공립
초등학교,은혜초등학교,서울특별시 은평구 불광동 331-27,37.6177328,126.9275737,초등학교,사립
초등학교,예일초등학교,서울특별시 은평구 구산동 8-3,37.6101791,126.9151623,초등학교,사립
초등학교,선일초등학교,서울특별시 은평구 갈현동 240-1,37.6197497,126.9126173,초등학교,사립
초등학교,충암초등학교,서울특별시 은평구 응암동 746-17,37.5850457,126.9217386,초등학교,사립
초등학교,서울대은초등학교,서울특별시 은평구 대조동 82-5,37.6118365,126.9261543,초등학교,공립
초등학교,서울증산초등학교,서울특별시 은평구 증산동 212,37.5821614,126.9043095,초등학교,공립
초등학교,서울응암초등학교,서울특별시 은평구 응암동 340,37.5882608,126.9217624,초등학교,공립
초등학교,서울연은초등학교,서울특별시 은평구 응암동 759-3,37.59051113,126.9251778,초등학교,공립
초등학교,서울은명초등학교,서울특별시 은평구 응암동 114-12,37.5979615,126.9188333,초등학교,공립
초등학교,서울역촌초등학교,서울특별시 은평구 역촌동 82-1,37.6017363,126.9142657,초등학교,공립
초등학교,서울상신초등학교,서울특별시 은평구 신사동 238-2,37.5976771,126.9048,초등학교,공립
초등학교,서울서신초등학교,서울특별시 은평구 신사동 194,37.5923285,126.9074837,초등학교,공립
초등학교,서울신사초등학교,서울특별시 은평구 신사동 98-32,37.5926639,126.9121215,초등학교,공립
초등학교,서울수색초등학교,서울특별시 은평구 수색동 129,37.5850571,126.8954934,초등학교,공립
초등학교,서울연광초등학교,서울특별시 은평구 불광동 400-6,37.6238264,126.9240662,초등학교,공립
초등학교,서울연천초등학교,서울특별시 은평구 불광동 346-153,37.6208125,126.9294822,초등학교,공립
초등학교,서울영일초등학교,서울특별시 구로구 가리봉동 17,37.4853017,126.8840736,초등학교,공립
초등학교,서울천왕초등학교,서울특별시 구로구 천왕동 273-2,37.4816096,126.8367161,초등학교,공립
초등학교,홍익대학교사범대학부속초등학교,서울특별시 마포구 성산동 산11-31,37.5601072,126.9134939,초등학교,사립
초등학교,서울상암초등학교,서울특별시 마포구 상암동 1635,37.5759905,126.8922651,초등학교,공립
초등학교,서울상지초등학교,서울특별시 마포구 상암동 1676,37.579602,126.8821351,초등학교,공립
초등학교,서울성산초등학교,서울특별시 마포구 합정동 427-2,37.5534098,126.9111567,초등학교,공립
초등학교,서울신북초등학교,서울특별시 마포구 중동 42,37.5712061,126.9051164,초등학교,공립
초등학교,서울염리초등학교,서울특별시 마포구 염리동 173-4,37.5424465,126.9461953,초등학교,공립
초등학교,서울한서초등학교,서울특별시 마포구 염리동 24-140,37.5535191,126.9495758,초등학교,공립
초등학교,서울소의초등학교,서울특별시 마포구 아현동 386-1,37.5522666,126.9608455,초등학교,공립
초등학교,서울아현초등학교,서울특별시 마포구 아현동 267-2,37.5555103,126.9559661,초등학교,공립
초등학교,서울신석초등학교,서울특별시 마포구 신수동 429-2,37.5442479,126.9378894,초등학교,공립
초등학교,서울중동초등학교,서울특별시 마포구 성산동 94-1,37.5666231,126.911279,초등학교,공립
초등학교,서울성서초등학교,서울특별시 마포구 성산동 31-10,37.56059548,126.9109264,초등학교,공립
초등학교,서울성원초등학교,서울특별시 마포구 성산동 175-1,37.5672887,126.9052439,초등학교,공립
초등학교,서울서교초등학교,서울특별시 마포구 서교동 341,37.5546731,126.9251258,초등학교,공립
초등학교,서울하늘초등학교,서울특별시 마포구 상암동 1737,37.5855353,126.8806962,초등학교,공립
초등학교,서울서강초등학교,서울특별시 마포구 상수동 1-1,37.5483494,126.9265893,초등학교,공립
초등학교,서울망원초등학교,서울특별시 마포구 망원동 467-1,37.5608234,126.9008405,초등학교,공립
초등학교,서울동교초등학교,서울특별시 마포구 망원동 426-5,37.5582046,126.9023504,초등학교,공립
초등학교,서울마포초등학교,서울특별시 마포구 도화동 347-5,37.5384272,126.9494344,초등학교,공립
초등학교,서울용강초등학교,서울특별시 마포구 대흥동 51,37.5486147,126.9440167,초등학교,공립
초등학교,서울창천초등학교,서울특별시 마포구 노고산동 33-1,37.5548865,126.9393201,초등학교,공립
초등학교,서울공덕초등학교,서울특별시 마포구 공덕동 256-4,37.5457002,126.9537786,초등학교,공립
초등학교,명지초등학교,서울특별시 서대문구 홍은동 산26-127,37.5835561,126.9280461,초등학교,사립
초등학교,추계초등학교,서울특별시 서대문구 북아현동 190-1,37.5628641,126.9531684,초등학교,사립
초등학교,이화여자대학교사범대학부속초등학교,서울특별시 서대문구 대신동 20,37.5612266,126.9426231,초등학교,사립
초등학교,경기초등학교,서울특별시 서대문구 충정로2가 70-2,37.5648923,126.9628701,초등학교,사립
초등학교,서울고은초등학교,서울특별시 서대문구 홍제동 320-12,37.5847702,126.9433678,초등학교,공립
초등학교,서울가산초등학교,서울특별시 금천구 독산동 143-23,37.4781195,126.896405,초등학교,공립
초등학교,서울신흥초등학교,서울특별시 금천구 시흥동 704-56,37.4596867,126.9090436,초등학교,공립
초등학교,서울문백초등학교,서울특별시 금천구 시흥동 564-5,37.4470903,126.8995074,초등학교,공립
초등학교,서울금동초등학교,서울특별시 금천구 시흥동 1013-1,37.4474274,126.9164244,초등학교,공립
초등학교,서울영남초등학교,서울특별시 금천구 독산동 59-27,37.4754537,126.9094339,초등학교,공립
초등학교,서울문교초등학교,서울특별시 금천구 독산동 산202-1,37.4667151,126.9089754,초등학교,공립
초등학교,서울두산초등학교,서울특별시 금천구 독산동 1002-5,37.4672494,126.8909721,초등학교,공립
초등학교,서울오류남초등학교,서울특별시 구로구 오류동 191-1,37.4896067,126.8387106,초등학교,공립
초등학교,서울오정초등학교,서울특별시 구로구 오류동 108-28,37.489624,126.8265149,초등학교,공립
초등학교,서울오류초등학교,서울특별시 구로구 오류동 20-1,37.4981498,126.8423578,초등학교,공립
초등학교,서울신도림초등학교,서울특별시 구로구 신도림동 300-6,37.5123256,126.8833965,초등학교,공립
초등학교,서울신미림초등학교,서울특별시 구로구 신도림동 398-28,37.5069274,126.8794934,초등학교,공립
초등학교,서울구일초등학교,서울특별시 구로구 구로동 685-221,37.4927407,126.8729387,초등학교,공립
초등학교,서울구로초등학교,서울특별시 구로구 구로동 443,37.49746124,126.8865524,초등학교,공립
초등학교,서울구로남초등학교,서울특별시 구로구 구로동 253,37.4848279,126.8905958,초등학교,공립
초등학교,서울영서초등학교,서울특별시 구로구 구로동 165-1,37.4882883,126.8946742,초등학교,공립
초등학교,서울신구로초등학교,서울특별시 구로구 구로동 105,37.499552,126.8893658,초등학교,공립
초등학교,서울동구로초등학교,서울특별시 구로구 구로동 93,37.4950456,126.8923106,초등학교,공립
초등학교,서울세곡초등학교,서울특별시 구로구 고척동 253-129,37.5048823,126.849058,초등학교,공립
초등학교,서울덕의초등학교,서울특별시 구로구 고척동 217,37.5062766,126.8567988,초등학교,공립
초등학교,서울고척초등학교,서울특별시 구로구 고척동 129-3,37.5006668,126.8569791,초등학교,공립
초등학교,서울개봉초등학교,서울특별시 구로구 개봉동 266,37.4897274,126.858306,초등학교,공립
초등학교,서울매봉초등학교,서울특별시 구로구 개봉동 3,37.5046996,126.844375,초등학교,공립
초등학교,서울온수초등학교,서울특별시 구로구 온수동 9-34,37.4940717,126.825993,초등학교,공립
초등학교,서울개명초등학교,서울특별시 구로구 개봉동 314-165,37.4828583,126.8505447,초등학교,공립
초등학교,서울개웅초등학교,서울특별시 구로구 개봉동 273-18,37.4885697,126.8500524,초등학교,공립
초등학교,서울고산초등학교,서울특별시 구로구 고척동 76-10,37.4992418,126.8653696,초등학교,공립
초등학교,서울고원초등학교,서울특별시 구로구 고척동 66-26,37.4974706,126.8659718,초등학교,공립
초등학교,서울미래초등학교,서울특별시 구로구 구로동 3-13,37.505016,126.8879424,초등학교,공립
초등학교,서울대영초등학교,서울특별시 영등포구 신길동 341-1,37.5023694,126.9061518,초등학교,공립
초등학교,서울영신초등학교,서울특별시 영등포구 신길동 121,37.509968,126.918009,초등학교,공립
초등학교,서울문래초등학교,서울특별시 영등포구 문래동3가 77-7,37.5185396,126.8932886,초등학교,공립
초등학교,서울영림초등학교,서울특별시 영등포구 대림동 993-16,37.4873525,126.9024483,초등학교,공립
초등학교,서울신대림초등학교,서울특별시 영등포구 대림동 970-1,37.492244,126.9058543,초등학교,공립
초등학교,서울신영초등학교,서울특별시 영등포구 대림동 781,37.5006847,126.8957265,초등학교,공립
초등학교,서울도신초등학교,서울특별시 영등포구 대림동 741-3,37.498728,126.9008446,초등학교,공립
초등학교,서울당중초등학교,서울특별시 영등포구 양평동3가 42,37.5263783,126.8897251,초등학교,공립
초등학교,서울선유초등학교,서울특별시 영등포구 양평동3가 91,37.5328162,126.8927942,초등학교,공립
초등학교,서울영문초등학교,서울특별시 영등포구 문래동6가 13,37.5194948,126.8876868,초등학교,공립
초등학교,서울영등포초등학교,서울특별시 영등포구 문래동1가 35-2,37.51294757,126.898215,초등학교,공립
초등학교,서울대동초등학교,서울특별시 영등포구 대림동 702,37.4935997,126.9004978,초등학교,공립
초등학교,서울도림초등학교,서울특별시 영등포구 신길동 285-1,37.5079604,126.9070328,초등학교,공립
초등학교,서울당서초등학교,서울특별시 영등포구 당산동5가 5-3,37.5319593,126.8997323,초등학교,공립
초등학교,서울영동초등학교,서울특별시 영등포구 당산동 121-22,37.52700736,126.9077037,초등학교,공립
초등학교,서울영중초등학교,서울특별시 영등포구 영등포동7가 53,37.5236591,126.9038138,초등학교,공립
초등학교,서울영원초등학교,서울특별시 영등포구 영등포동 647-2,37.51071999,126.9021816,초등학교,공립
초등학교,서울여의도초등학교,서울특별시 영등포구 여의도동 40-3,37.5228903,126.936812,초등학교,공립
초등학교,동광초등학교,서울특별시 금천구 시흥동 산100-6,37.45167193,126.9168874,초등학교,사립
초등학교,서울시흥초등학교,서울특별시 금천구 시흥동 841-19,37.4546436,126.9049575,초등학교,공립
초등학교,서울금산초등학교,서울특별시 금천구 시흥동 653-27,37.4418157,126.908303,초등학교,공립
초등학교,서울백산초등학교,서울특별시 금천구 시흥동 438-5,37.4466467,126.905247,초등학교,공립
초등학교,서울탑동초등학교,서울특별시 금천구 시흥동 230,37.4524341,126.9149142,초등학교,공립
초등학교,서울금천초등학교,서울특별시 금천구 시흥동 218-1,37.4546475,126.9126228,초등학교,공립
초등학교,서울안천초등학교,서울특별시 금천구 독산동 1090,37.4585946,126.8883555,초등학교,공립
초등학교,서울독산초등학교,서울특별시 금천구 독산동 1034,37.4655786,126.9000569,초등학교,공립
초등학교,서울문성초등학교,서울특별시 금천구 독산동 982,37.4747768,126.8994644,초등학교,공립
초등학교,서울정심초등학교,서울특별시 금천구 독산동 182-44,37.4717252,126.9083606,초등학교,공립
초등학교,서울신계초등학교,서울특별시 노원구 월계동 602,37.6301665,127.052988,초등학교,공립
초등학교,한신초등학교,서울특별시 도봉구 쌍문동 150-1,37.6529105,127.0318063,초등학교,사립
초등학교,동북초등학교,서울특별시 도봉구 쌍문동 263,37.655351,127.0268289,초등학교,사립
초등학교,서울신화초등학교,서울특별시 도봉구 창동 504-33,37.6326698,127.0408596,초등학교,공립
초등학교,서울신창초등학교,서울특별시 도봉구 창동 468-1,37.6361731,127.0421969,초등학교,공립
초등학교,서울창일초등학교,서울특별시 도봉구 창동 371,37.6471695,127.0476085,초등학교,공립
초등학교,서울창원초등학교,서울특별시 도봉구 창동 308,37.6525531,127.0405915,초등학교,공립
초등학교,서울창동초등학교,서울특별시 도봉구 창동 266,37.6551201,127.0446861,초등학교,공립
초등학교,서울가인초등학교,서울특별시 도봉구 창동 224-20,37.6599068,127.0431592,초등학교,공립
초등학교,서울자운초등학교,서울특별시 도봉구 창동 181-19,37.6577174,127.0463946,초등학교,공립
초등학교,서울월천초등학교,서울특별시 도봉구 창동 29,37.6478356,127.0522016,초등학교,공립
초등학교,서울백운초등학교,서울특별시 도봉구 쌍문동 422-2,37.6532035,127.0139875,초등학교,공립
초등학교,서울쌍문초등학교,서울특별시 도봉구 쌍문동 360-4,37.6489734,127.024308,초등학교,공립
초등학교,서울숭미초등학교,서울특별시 도봉구 쌍문동 309-3,37.6508211,127.0279643,초등학교,공립
초등학교,서울창도초등학교,서울특별시 도봉구 방학동 722-9,37.663831,127.0490956,초등학교,공립
초등학교,서울신방학초등학교,서울특별시 도봉구 방학동 310,37.6659578,127.0292294,초등학교,공립
초등학교,서울방학초등학교,서울특별시 도봉구 방학동 302,37.6640395,127.0321675,초등학교,공립
초등학교,서울도봉초등학교,서울특별시 도봉구 도봉동 429-1,37.6793783,127.038218,초등학교,공립
초등학교,서울오봉초등학교,서울특별시 도봉구 도봉동 608-22,37.6718842,127.0402882,초등학교,공립
초등학교,서울누원초등학교,서울특별시 도봉구 도봉동 22-19,37.6869304,127.0490694,초등학교,공립
초등학교,서울창림초등학교,서울특별시 도봉구 창동 411-8,37.6429724,127.0415487,초등학교,공립
초등학교,서울창경초등학교,서울특별시 도봉구 쌍문동 72,37.6561144,127.0347544,초등학교,공립
초등학교,서울신학초등학교,서울특별시 도봉구 방학동 460-5,37.6609904,127.0255131,초등학교,공립
초등학교,서울초당초등학교,서울특별시 도봉구 방학동 514-2,37.6584988,127.0221014,초등학교,공립
초등학교,서울윤중초등학교,서울특별시 영등포구 여의도동 38,37.5197467,126.9228068,초등학교,공립
초등학교,서울당산초등학교,서울특별시 영등포구 양평동4가 323,37.5397741,126.8963677,초등학교,공립
초등학교,서울대길초등학교,서울특별시 영등포구 신길동 4482,37.4977844,126.9132303,초등학교,공립
초등학교,서울대방초등학교,서울특별시 영등포구 신길동 1444,37.5026701,126.9191481,초등학교,공립
초등학교,서울우신초등학교,서울특별시 영등포구 신길동 210,37.509564,126.9118923,초등학교,공립
초등학교,서울원광초등학교,서울특별시 노원구 중계동 359,37.6542123,127.0747887,초등학교,공립
초등학교,서울월계초등학교,서울특별시 노원구 월계동 561,37.6276242,127.0504153,초등학교,공립
초등학교,서울선곡초등학교,서울특별시 노원구 월계동 446,37.6184174,127.0582095,초등학교,공립
초등학교,서울연지초등학교,서울특별시 노원구 월계동 320-8,37.6334788,127.0599789,초등학교,공립
초등학교,서울한천초등학교,서울특별시 노원구 월계동 3-7,37.6204638,127.069013,초등학교,공립
초등학교,서울수락초등학교,서울특별시 노원구 상계동 1171-2,37.6842939,127.0548343,초등학교,공립
초등학교,서울노일초등학교,서울특별시 노원구 상계동 1044-2,37.6732392,127.0547828,초등학교,공립
초등학교,서울노원초등학교,서울특별시 노원구 상계동 1014,37.6733178,127.0582937,초등학교,공립
초등학교,서울동일초등학교,서울특별시 노원구 상계동 655,37.6651664,127.054549,초등학교,공립
초등학교,서울상천초등학교,서울특별시 노원구 상계동 768,37.6462819,127.0581071,초등학교,공립
초등학교,서울당현초등학교,서울특별시 노원구 상계동 742,37.648634,127.0583817,초등학교,공립
초등학교,서울상월초등학교,서울특별시 노원구 상계동 697,37.65865377,127.0569822,초등학교,공립
초등학교,서울상곡초등학교,서울특별시 노원구 상계동 678,37.6627218,127.062515,초등학교,공립
초등학교,서울계상초등학교,서울특별시 노원구 상계동 447-1,37.66271,127.0682669,초등학교,공립
초등학교,서울상계초등학교,서울특별시 노원구 상계동 402-1,37.6593115,127.0662421,초등학교,공립
초등학교,서울신상계초등학교,서울특별시 노원구 상계동 86-1,37.6674743,127.0757904,초등학교,공립
초등학교,서울공릉초등학교,서울특별시 노원구 공릉동 610-1,37.6188016,127.0741878,초등학교,공립
초등학교,서울용원초등학교,서울특별시 노원구 공릉동 709,37.6296027,127.0688931,초등학교,공립
초등학교,서울공연초등학교,서울특별시 노원구 공릉동 371-10,37.6272531,127.0741645,초등학교,공립
초등학교,서울태릉초등학교,서울특별시 노원구 공릉동 250-5,37.6228668,127.0852435,초등학교,공립
초등학교,서울태랑초등학교,서울특별시 노원구 공릉동 116,37.6259486,127.0905347,초등학교,공립
초등학교,서울연촌초등학교,서울특별시 노원구 하계동 154-12,37.6350647,127.0728621,초등학교,공립
초등학교,서울중계초등학교,서울특별시 노원구 중계동 449-2,37.6577549,127.0730277,초등학교,공립
초등학교,서울수암초등학교,서울특별시 노원구 중계동 67,37.6478737,127.0813164,초등학교,공립
초등학교,서울불암초등학교,서울특별시 노원구 중계동 366-2,37.6510667,127.0806469,초등학교,공립
초등학교,서울상원초등학교,서울특별시 노원구 상계동 645,37.6671878,127.0598254,초등학교,공립
초등학교,서울온곡초등학교,서울특별시 노원구 상계동 638,37.6676082,127.0657902,초등학교,공립
초등학교,서울덕암초등학교,서울특별시 노원구 상계동 1274,37.6664888,127.0814678,초등학교,공립
초등학교,서울녹천초등학교,서울특별시 노원구 월계동 322-2,37.6288012,127.0631131,초등학교,공립
초등학교,서울광희초등학교,서울특별시 중구 신당동 254-16,37.5674432,127.0151801,초등학교,공립
초등학교,서울봉래초등학교,서울특별시 중구 만리동2가 2,37.5561784,126.9637888,초등학교,공립
초등학교,서울덕수초등학교,서울특별시 중구 정동 1-76,37.5685606,126.9744424,초등학교,공립
초등학교,서울남산초등학교,서울특별시 중구 남산동2가 2,37.5600487,126.9867556,초등학교,공립
초등학교,상명대학교사범대학부속초등학교,서울특별시 종로구 홍지동 56,37.6005802,126.956708,초등학교,사립
초등학교,운현초등학교,서울특별시 종로구 운니동 114-7,37.5758393,126.987819,초등학교,사립
초등학교,서울효제초등학교,서울특별시 종로구 효제동 255-4,37.5728828,127.0032572,초등학교,공립
초등학교,서울창신초등학교,서울특별시 종로구 창신동 128-32,37.5760326,127.0143822,초등학교,공립
초등학교,서울세검정초등학교,서울특별시 종로구 신영동 219-4,37.6033878,126.9608999,초등학교,공립
초등학교,서울독립문초등학교,서울특별시 종로구 무악동 46-82,37.5741366,126.9602466,초등학교,공립
초등학교,서울명신초등학교,서울특별시 종로구 창신동 7-40,37.5812388,127.013846,초등학교,공립
초등학교,서울혜화초등학교,서울특별시 종로구 혜화동 13-1,37.5888137,127.0000249,초등학교,공립
초등학교,서울교동초등학교,서울특별시 종로구 경운동 2,37.57500477,126.9881499,초등학교,공립
초등학교,서울재동초등학교,서울특별시 종로구 가회동 210,37.5799248,126.9855602,초등학교,공립
초등학교,서울매동초등학교,서울특별시 종로구 필운동 32,37.5772345,126.9668504,초등학교,공립
초등학교,서울청운초등학교,서울특별시 종로구 청운동 123,37.5859741,126.9691707,초등학교,공립
초등학교,서울대학교사범대학부설초등학교,서울특별시 종로구 동숭동 199-51,37.5770935,127.0038022,초등학교,국립
초등학교,상명초등학교,서울특별시 노원구 중계동 515-1,37.6484702,127.0675498,초등학교,사립
초등학교,화랑초등학교,서울특별시 노원구 공릉동 27-22,37.6292222,127.0905514,초등학교,사립
초등학교,태강삼육초등학교,서울특별시 노원구 공릉동 26-84,37.6431424,127.1062512,초등학교,사립
초등학교,청원초등학교,서울특별시 노원구 상계동 641,37.6660284,127.0620129,초등학교,사립
초등학교,서울상수초등학교,서울특별시 노원구 상계동 755,37.6515858,127.0647353,초등학교,공립
초등학교,서울상경초등학교,서울특별시 노원구 상계동 621,37.6702084,127.0513209,초등학교,공립
초등학교,서울중평초등학교,서울특별시 노원구 하계동 271,37.6372796,127.0640898,초등학교,공립
초등학교,서울중현초등학교,서울특별시 노원구 하계동 272-2,37.6324175,127.0662355,초등학교,공립
초등학교,서울용동초등학교,서울특별시 노원구 중계동 510-1,37.6416784,127.069476,초등학교,공립
초등학교,서울청계초등학교,서울특별시 노원구 중계동 513-1,37.6448867,127.066442,초등학교,공립
초등학교,서울중원초등학교,서울특별시 노원구 중계동 502,37.6436702,127.0628262,초등학교,공립
초등학교,서울을지초등학교,서울특별시 노원구 중계동 360,37.6503519,127.0731299,초등학교,공립
초등학교,서울문정초등학교,서울특별시 송파구 문정동 12,37.4884717,127.1289195,초등학교,공립
초등학교,서울문덕초등학교,서울특별시 송파구 문정동 90-3,37.4852891,127.1275957,초등학교,공립
초등학교,서울중대초등학교,서울특별시 송파구 송파동 191,37.4994062,127.1135642,초등학교,공립
초등학교,서울평화초등학교,서울특별시 송파구 가락동 106,37.4914378,127.1228091,초등학교,공립
초등학교,서울가락초등학교,서울특별시 송파구 가락동 477,37.5001667,127.1076425,초등학교,공립
초등학교,서울방이초등학교,서울특별시 송파구 방이동 167,37.5130915,127.1205626,초등학교,공립
초등학교,신광초등학교,서울특별시 용산구 청파동3가 100,37.5431703,126.9699957,초등학교,사립
초등학교,서울신용산초등학교,서울특별시 용산구 이촌동 301-75,37.520194,126.9756071,초등학교,공립
초등학교,서울남정초등학교,서울특별시 용산구 원효로2가 54-1,37.5360588,126.9649864,초등학교,공립
초등학교,서울삼광초등학교,서울특별시 용산구 후암동 190-2,37.5473202,126.9768231,초등학교,공립
초등학교,서울금양초등학교,서울특별시 용산구 효창동 126-4,37.5406238,126.9613359,초등학교,공립
초등학교,서울한남초등학교,서울특별시 용산구 한남동 726-1,37.5392493,127.0051252,초등학교,공립
초등학교,서울한강초등학교,서울특별시 용산구 한강로3가 65-5,37.5252266,126.9651087,초등학교,공립
초등학교,서울보광초등학교,서울특별시 용산구 이태원동 15-13,37.5324666,126.9963946,초등학교,공립
초등학교,서울용암초등학교,서울특별시 용산구 용산동2가 5-2147,37.5448696,126.9891625,초등학교,공립
초등학교,서울서빙고초등학교,서울특별시 용산구 서빙고동 235-1,37.5214444,126.9921325,초등학교,공립
초등학교,서울이태원초등학교,서울특별시 용산구 이태원동 406,37.5360669,126.987859,초등학교,공립
초등학교,서울후암초등학교,서울특별시 용산구 후암동 30-138,37.5509911,126.9823336,초등학교,공립
초등학교,서울청파초등학교,서울특별시 용산구 청파동2가 1-42,37.5475147,126.9640802,초등학교,공립
초등학교,서울원효초등학교,서울특별시 용산구 산천동 6-73,37.5362134,126.9516606,초등학교,공립
초등학교,서울용산초등학교,서울특별시 용산구 한강로2가 1,37.53561416,126.9725514,초등학교,공립
초등학교,동산초등학교,서울특별시 중구 신당동 333-579,37.5562058,127.0167272,초등학교,사립
초등학교,숭의초등학교,서울특별시 중구 예장동 8-3,37.5567763,126.9875325,초등학교,사립
초등학교,리라초등학교,서울특별시 중구 예장동 8-148,37.5579702,126.9885837,초등학교,사립
초등학교,서울충무초등학교,서울특별시 중구 장충동2가 173-7,37.5619668,127.001346,초등학교,공립
초등학교,서울청구초등학교,서울특별시 중구 신당동 330-2,37.5582656,127.0141941,초등학교,공립
초등학교,서울흥인초등학교,서울특별시 중구 신당동 292-66,37.5608307,127.0145429,초등학교,공립
초등학교,서울신당초등학교,서울특별시 중구 신당동 161-2,37.563715,127.0237242,초등학교,공립
초등학교,서울장충초등학교,서울특별시 중구 신당동 386-86,37.5594818,127.0114141,초등학교,공립
초등학교,서울풍성초등학교,서울특별시 송파구 풍납동 388-8,37.5261388,127.1137028,초등학교,공립
초등학교,서울토성초등학교,서울특별시 송파구 풍납동 251,37.5316475,127.1155695,초등학교,공립
초등학교,서울풍납초등학교,서울특별시 송파구 풍납동 165,37.5348603,127.1174625,초등학교,공립
초등학교,서울잠전초등학교,서울특별시 송파구 잠실동 229,37.5071595,127.0842067,초등학교,공립
초등학교,서울개롱초등학교,서울특별시 송파구 오금동 159,37.4973677,127.1398426,초등학교,공립
초등학교,서울거여초등학교,서울특별시 송파구 오금동 108,37.5047528,127.1410936,초등학교,공립
초등학교,서울오금초등학교,서울특별시 송파구 오금동 7,37.5091557,127.1317971,초등학교,공립
초등학교,서울송파초등학교,서울특별시 송파구 송파동 114,37.5070869,127.1108763,초등학교,공립
초등학교,서울석촌초등학교,서울특별시 송파구 석촌동 267,37.5027584,127.1048724,초등학교,공립
초등학교,서울삼전초등학교,서울특별시 송파구 삼전동 63,37.5015071,127.0927452,초등학교,공립
초등학교,서울방산초등학교,서울특별시 송파구 방이동 220-4,37.5096455,127.1211143,초등학교,공립
초등학교,서울세륜초등학교,서울특별시 송파구 방이동 89-23,37.5183539,127.1341356,초등학교,공립
초등학교,서울오륜초등학교,서울특별시 송파구 방이동 89-16,37.5122054,127.1347813,초등학교,공립
초등학교,서울마천초등학교,서울특별시 송파구 마천동 183-4,37.4954974,127.1524746,초등학교,공립
초등학교,서울남천초등학교,서울특별시 송파구 마천동 53,37.5011739,127.1505715,초등학교,공립
초등학교,서울거원초등학교,서울특별시 송파구 거여동 296-1,37.4878297,127.1447579,초등학교,공립
초등학교,서울영풍초등학교,서울특별시 송파구 거여동 12,37.4962643,127.1429536,초등학교,공립
초등학교,서울가동초등학교,서울특별시 송파구 가락동 163,37.4973198,127.130219,초등학교,공립
초등학교,서울가주초등학교,서울특별시 송파구 가락동 140-6,37.4965216,127.1293812,초등학교,공립
초등학교,서울신가초등학교,서울특별시 송파구 가락동 43-1,37.5003769,127.1198579,초등학교,공립
초등학교,서울잠현초등학교,서울특별시 송파구 신천동 17-2,37.52258569,127.1047786,초등학교,공립
초등학교,서울잠실초등학교,서울특별시 송파구 신천동 20-2,37.5201075,127.1113101,초등학교,공립
초등학교,서울잠동초등학교,서울특별시 송파구 신천동 7-2,37.5179644,127.1001543,초등학교,공립
초등학교,서울송전초등학교,서울특별시 송파구 잠실동 44-2,37.5084993,127.0949748,초등학교,공립
초등학교,서울잠신초등학교,서울특별시 송파구 잠실동 22-4,37.5141141,127.0879195,초등학교,공립
초등학교,서울잠일초등학교,서울특별시 송파구 잠실동 19-1,37.51473995,127.0816351,초등학교,공립
초등학교,서울문현초등학교,서울특별시 송파구 장지동 836,37.4827534,127.1302223,초등학교,공립
초등학교,서울가원초등학교,서울특별시 송파구 문정동 150-10,37.4893692,127.1110221,초등학교,공립
초등학교,서울신은초등학교,서울특별시 양천구 신정동 1319,37.5139921,126.8320115,초등학교,공립
초등학교,서울신암초등학교,서울특별시 강동구 암사동 517,37.5497646,127.1243019,초등학교,공립
초등학교,서울선사초등학교,서울특별시 강동구 암사동 186-1,37.5558399,127.1284369,초등학교,공립
초등학교,서울강동초등학교,서울특별시 강동구 천호동 306,37.5461063,127.1304605,초등학교,공립
초등학교,서울천호초등학교,서울특별시 강동구 천호동 230-9,37.5473577,127.1364524,초등학교,공립
초등학교,서울천일초등학교,서울특별시 강동구 천호동 217-70,37.5441771,127.1333855,초등학교,공립
초등학교,서울명일초등학교,서울특별시 강동구 암사동 418-18,37.55454236,127.1425695,초등학교,공립
초등학교,서울성내초등학교,서울특별시 강동구 성내동 300-3,37.5314221,127.1224654,초등학교,공립
초등학교,서울성일초등학교,서울특별시 강동구 성내동 531,37.5291153,127.1283576,초등학교,공립
초등학교,서울강명초등학교,서울특별시 강동구 상일동 480,37.5548237,127.1733624,초등학교,공립
초등학교,서울상일초등학교,서울특별시 강동구 상일동 325-1,37.5471408,127.1723329,초등학교,공립
초등학교,서울고일초등학교,서울특별시 강동구 상일동 125,37.5520581,127.1690875,초등학교,공립
초등학교,서울대명초등학교,서울특별시 강동구 명일동 234,37.5476037,127.1528696,초등학교,공립
초등학교,서울명원초등학교,서울특별시 강동구 명일동 39,37.5512241,127.1507304,초등학교,공립
초등학교,서울한산초등학교,서울특별시 강동구 둔촌동 149,37.5283976,127.1413645,초등학교,공립
초등학교,서울천동초등학교,서울특별시 강동구 길동 371-1,37.5405852,127.1375686,초등학교,공립
초등학교,서울길동초등학교,서울특별시 강동구 길동 362,37.5385062,127.1449741,초등학교,공립
초등학교,서울신명초등학교,서울특별시 강동구 길동 42,37.54094252,127.149989,초등학교,공립
초등학교,서울명덕초등학교,서울특별시 강동구 고덕동 487-15,37.5568963,127.1460078,초등학교,공립
초등학교,서울강덕초등학교,서울특별시 강동구 고덕동 222,37.5589366,127.1607703,초등학교,공립
초등학교,서울고덕초등학교,서울특별시 강동구 고덕동 158,37.5610786,127.1663766,초등학교,공립
초등학교,서울강일초등학교,서울특별시 강동구 강일동 685,37.5649609,127.1771117,초등학교,공립
초등학교,서울묘곡초등학교,서울특별시 강동구 고덕동 498,37.5584546,127.1531803,초등학교,공립
초등학교,서울고명초등학교,서울특별시 강동구 명일동 296-1,37.5530361,127.14682,초등학교,공립
초등학교,서울선린초등학교,서울특별시 강동구 둔촌동 91-17,37.529447,127.1460489,초등학교,공립
초등학교,서울신천초등학교,서울특별시 송파구 잠실동 27-5,37.5137862,127.0953838,초등학교,공립
초등학교,서울버들초등학교,서울특별시 송파구 잠실동 35-6,37.5103926,127.0890677,초등학교,공립
초등학교,서울아주초등학교,서울특별시 송파구 잠실동 115,37.50582752,127.075764,초등학교,공립
초등학교,서울영도초등학교,서울특별시 양천구 목동 903-1,37.5357019,126.8716258,초등학교,공립
초등학교,서울월촌초등학교,서울특별시 양천구 목동 901-1,37.5402367,126.8764371,초등학교,공립
초등학교,서울양동초등학교,서울특별시 양천구 신정동 941,37.526006,126.8511587,초등학교,공립
초등학교,서울장수초등학교,서울특별시 양천구 신정동 1288-2,37.512868,126.8450848,초등학교,공립
초등학교,서울지향초등학교,서울특별시 양천구 신정동 1284,37.5127825,126.8371342,초등학교,공립
초등학교,서울신목초등학교,서울특별시 양천구 신정동 281-2,37.5169159,126.8726846,초등학교,공립
초등학교,서울목동초등학교,서울특별시 양천구 신정동 86-2,37.5224822,126.8721597,초등학교,공립
초등학교,서울강월초등학교,서울특별시 양천구 신월동 987-3,37.5159595,126.8341623,초등학교,공립
초등학교,서울신남초등학교,서울특별시 양천구 신월동 587,37.5162714,126.844269,초등학교,공립
초등학교,서울양강초등학교,서울특별시 양천구 신월동 496,37.5240784,126.8479995,초등학교,공립
초등학교,서울신강초등학교,서울특별시 양천구 신월동 864,37.5259562,126.8416536,초등학교,공립
초등학교,서울강서초등학교,서울특별시 양천구 신월동 441,37.5223088,126.8409133,초등학교,공립
초등학교,서울신원초등학교,서울특별시 양천구 신월동 202-1,37.5295028,126.8299687,초등학교,공립
초등학교,서울양원초등학교,서울특별시 양천구 신월동 260-1,37.5384029,126.8233181,초등학교,공립
초등학교,서울정목초등학교,서울특별시 양천구 목동 757-2,37.5370581,126.8703211,초등학교,공립
초등학교,서울양화초등학교,서울특별시 양천구 목동 542,37.5437143,126.8744087,초등학교,공립
초등학교,서울강신초등학교,서울특별시 양천구 신월동 6-7,37.5428793,126.8295869,초등학교,공립
초등학교,서울갈산초등학교,서울특별시 양천구 신정동 330-10,37.5118348,126.8699978,초등학교,공립
초등학교,서울양목초등학교,서울특별시 양천구 신정동 1001,37.5236502,126.8616964,초등학교,공립
초등학교,서울남명초등학교,서울특별시 양천구 신정동 653-5,37.5153939,126.8538873,초등학교,공립
초등학교,서울신기초등학교,서울특별시 양천구 신정동 1274,37.5110164,126.8540515,초등학교,공립
초등학교,서울양명초등학교,서울특별시 양천구 신정동 310-6,37.51637504,126.8566344,초등학교,공립
초등학교,서울신서초등학교,서울특별시 양천구 신정동 312-1,37.5205957,126.8625771,초등학교,공립
초등학교,서울은정초등학교,서울특별시 양천구 신정동 276-2,37.5108159,126.8669853,초등학교,공립
초등학교,서울계남초등학교,서울특별시 양천구 신정동 325-7,37.5100874,126.8599994,초등학교,공립
초등학교,서울목운초등학교,서울특별시 양천구 목동 922,37.5269904,126.8730106,초등학교,공립
초등학교,서울서정초등학교,서울특별시 양천구 목동 927-5,37.523899,126.8671743,초등학교,공립
초등학교,서울경인초등학교,서울특별시 양천구 목동 911-4,37.5328933,126.8863349,초등학교,공립
초등학교,서울목원초등학교,서울특별시 양천구 목동 191-1,37.5427277,126.8824793,초등학교,공립
초등학교,서울신월초등학교,서울특별시 강서구 화곡동 1080,37.5401017,126.839099,초등학교,공립
초등학교,서울월정초등학교,서울특별시 강서구 화곡동 374-1,37.5347268,126.8360595,초등학교,공립
초등학교,서울화곡초등학교,서울특별시 강서구 화곡동 24-266,37.5432456,126.8459511,초등학교,공립
초등학교,서울염동초등학교,서울특별시 강서구 염창동 45-4,37.5521222,126.872373,초등학교,공립
초등학교,서울방화초등학교,서울특별시 강서구 방화동 542-2,37.56870364,126.8074988,초등학교,공립
초등학교,서울개화초등학교,서울특별시 강서구 방화동 502,37.5736852,126.8046641,초등학교,공립
초등학교,서울송화초등학교,서울특별시 강서구 마곡동 731-229,37.5682741,126.8174653,초등학교,공립
초등학교,서울백석초등학교,서울특별시 강서구 등촌동 650-14,37.5534229,126.8621938,초등학교,공립
초등학교,서울등촌초등학교,서울특별시 강서구 등촌동 520-4,37.5474955,126.8577618,초등학교,공립
초등학교,서울내발산초등학교,서울특별시 강서구 내발산동 707,37.551248,126.8377005,초등학교,공립
초등학교,서울송정초등학교,서울특별시 강서구 공항동 22-16,37.5627589,126.8110229,초등학교,공립
초등학교,서울가양초등학교,서울특별시 강서구 가양동 1484,37.5617004,126.8586437,초등학교,공립
초등학교,서울탑산초등학교,서울특별시 강서구 가양동 1473,37.5666739,126.8521896,초등학교,공립
초등학교,서울양천초등학교,서울특별시 강서구 가양동 272-11,37.5701684,126.8395913,초등학교,공립
초등학교,서울발산초등학교,서울특별시 강서구 내발산동 408,37.5503201,126.8310383,초등학교,공립
초등학교,서울가곡초등학교,서울특별시 강서구 마곡동 728-28,37.5557076,126.8361018,초등학교,공립
초등학교,서울정곡초등학교,서울특별시 강서구 방화동 836,37.5769549,126.8189082,초등학교,공립
초등학교,서울삼정초등학교,서울특별시 강서구 방화동 798,37.5803891,126.8108471,초등학교,공립
초등학교,서울치현초등학교,서울특별시 강서구 방화동 833,37.5755781,126.8146538,초등학교,공립
초등학교,서울염강초등학교,서울특별시 강서구 가양동 1492,37.5611473,126.8644193,초등학교,공립
초등학교,서울염창초등학교,서울특별시 강서구 염창동 269,37.5529516,126.8677461,초등학교,공립
초등학교,서울염경초등학교,서울특별시 강서구 염창동 79,37.5548065,126.8712574,초등학교,공립
초등학교,서울등양초등학교,서울특별시 강서구 등촌동 691,37.5648029,126.844666,초등학교,공립
초등학교,서울등마초등학교,서울특별시 강서구 등촌동 718,37.5420258,126.8616338,초등학교,공립
초등학교,서울신곡초등학교,서울특별시 강서구 화곡동 476-42,37.5390734,126.8556963,초등학교,공립
초등학교,서울신정초등학교,서울특별시 강서구 화곡동 869-42,37.5327438,126.8524559,초등학교,공립
초등학교,서울우장초등학교,서울특별시 강서구 화곡동 18-5,37.5492011,126.8460773,초등학교,공립
초등학교,서울화일초등학교,서울특별시 강서구 화곡동 61-184,37.5403602,126.8474076,초등학교,공립
초등학교,계성초등학교,서울특별시 서초구 반포동 6-1,37.5044669,126.9964732,초등학교,사립
초등학교,서울신동초등학교,서울특별시 서초구 잠원동 54-5,37.5170464,127.0116439,초등학교,공립
초등학교,서울우암초등학교,서울특별시 서초구 우면동 58,37.4721905,127.0239065,초등학교,공립
초등학교,서울양재초등학교,서울특별시 서초구 양재동 101,37.473765,127.0316178,초등학교,공립
초등학교,서울원명초등학교,서울특별시 서초구 서초동 1685-1,37.500647,127.0165694,초등학교,공립
초등학교,서울서일초등학교,서울특별시 서초구 서초동 1436-8,37.4851056,127.0222041,초등학교,공립
초등학교,서울서이초등학교,서울특별시 서초구 서초동 1334-2,37.4913032,127.0259479,초등학교,공립
초등학교,서울서초초등학교,서울특별시 서초구 서초동 1310-6,37.499331,127.0242296,초등학교,공립
초등학교,서울방현초등학교,서울특별시 서초구 방배동 산81-1,37.4763718,126.99015,초등학교,공립
초등학교,서울방배초등학교,서울특별시 서초구 방배동 861-1,37.4871653,126.9874257,초등학교,공립
초등학교,서울서래초등학교,서울특별시 서초구 방배동 771,37.4963529,126.9898009,초등학교,공립
초등학교,서울이수초등학교,서울특별시 서초구 방배동 468-6,37.4783196,126.984565,초등학교,공립
초등학교,서울방일초등학교,서울특별시 서초구 방배동 167-4,37.4853656,126.9982024,초등학교,공립
초등학교,서울반포초등학교,서울특별시 서초구 반포동 937,37.5027416,126.9910009,초등학교,공립
초등학교,서울매헌초등학교,서울특별시 서초구 양재동 311-1,37.471067,127.0420698,초등학교,공립
초등학교,서울반원초등학교,서울특별시 서초구 잠원동 72,37.5102082,127.0039023,초등학교,공립
초등학교,서울잠원초등학교,서울특별시 서초구 반포동 17,37.50185855,126.9980966,초등학교,공립
초등학교,서울원촌초등학교,서울특별시 서초구 반포동 21,37.5061857,127.0124612,초등학교,공립
초등학교,서울서원초등학교,서울특별시 서초구 반포동 30-8,37.5027958,127.0151377,초등학교,공립
초등학교,서울신중초등학교,서울특별시 서초구 서초동 1466-5,37.4801745,127.0098006,초등학교,공립
초등학교,서울교육대학교부설초등학교,서울특별시 서초구 서초동 1650,37.4899286,127.0158653,초등학교,국립
초등학교,서울우면초등학교,서울특별시 서초구 우면동 690,37.46470939,127.0237894,초등학교,공립
초등학교,유석초등학교,서울특별시 강서구 등촌동 82-1,37.5608059,126.8537249,초등학교,사립
초등학교,서울수명초등학교,서울특별시 강서구 내발산동 752,37.55277438,126.8238445,초등학교,공립
초등학교,서울등원초등학교,서울특별시 강서구 등촌동 704-1,37.5603228,126.8500834,초등학교,공립
초등학교,서울등현초등학교,서울특별시 강서구 등촌동 702-5,37.5613697,126.8480367,초등학교,공립
초등학교,서울등명초등학교,서울특별시 강서구 등촌동 690-2,37.5606241,126.8425361,초등학교,공립
초등학교,서울등서초등학교,서울특별시 강서구 화곡동 산212,37.5518272,126.8549719,초등학교,공립
초등학교,서울포이초등학교,서울특별시 강남구 개포동 1273,37.4756209,127.0520896,초등학교,공립
초등학교,서울청담초등학교,서울특별시 강남구 청담동 142,37.5279762,127.0452701,초등학교,공립
초등학교,서울언북초등학교,서울특별시 강남구 청담동 27,37.5199603,127.0451,초등학교,공립
초등학교,서울일원초등학교,서울특별시 강남구 일원동 691,37.4898353,127.0762907,초등학교,공립
초등학교,서울영희초등학교,서울특별시 강남구 일원동 617,37.4922499,127.0808759,초등학교,공립
초등학교,서울대청초등학교,서울특별시 강남구 일원동 712,37.4931172,127.0875746,초등학교,공립
초등학교,서울역삼초등학교,서울특별시 강남구 역삼동 833-7,37.492918,127.0328543,초등학교,공립
초등학교,서울도성초등학교,서울특별시 강남구 역삼동 714,37.5013049,127.0489326,초등학교,공립
초등학교,서울압구정초등학교,서울특별시 강남구 압구정동 461,37.5316708,127.031165,초등학교,공립
초등학교,서울신구초등학교,서울특별시 강남구 신사동 550-11,37.5233603,127.0240264,초등학교,공립
초등학교,서울왕북초등학교,서울특별시 강남구 수서동 745,37.4864123,127.0860392,초등학교,공립
초등학교,서울삼릉초등학교,서울특별시 강남구 삼성동 42,37.5131023,127.0469142,초등학교,공립
초등학교,서울대현초등학교,서울특별시 강남구 대치동 969,37.5038985,127.0636435,초등학교,공립
초등학교,서울대곡초등학교,서울특별시 강남구 대치동 510,37.4943975,127.0646926,초등학교,공립
초등학교,서울학동초등학교,서울특별시 강남구 논현동 264-7,37.5125348,127.0397082,초등학교,공립
초등학교,서울논현초등학교,서울특별시 강남구 논현동 168,37.5081699,127.0260317,초등학교,공립
초등학교,서울개일초등학교,서울특별시 강남구 개포동 174,37.4861543,127.057776,초등학교,공립
초등학교,서울대도초등학교,서울특별시 강남구 도곡동 106-1,37.4928283,127.0531484,초등학교,공립
초등학교,서울도곡초등학교,서울특별시 강남구 대치동 924-10,37.4993211,127.054928,초등학교,공립
초등학교,서울대치초등학교,서울특별시 강남구 대치동 505,37.4909822,127.0624593,초등학교,공립
초등학교,서울언주초등학교,서울특별시 강남구 도곡동 922,37.4862841,127.0367809,초등학교,공립
초등학교,서울구룡초등학교,서울특별시 강남구 개포동 655,37.4807232,127.051891,초등학교,공립
초등학교,서울양전초등학교,서울특별시 강남구 개포동 183,37.4903657,127.0694778,초등학교,공립
초등학교,서울대진초등학교,서울특별시 강남구 개포동 13,37.4970272,127.0779765,초등학교,공립
초등학교,서울대모초등학교,서울특별시 강남구 일원동 736,37.4814341,127.0865193,초등학교,공립
초등학교,서울수서초등학교,서울특별시 강남구 수서동 709,37.4909843,127.1015496,초등학교,공립
초등학교,서울대왕초등학교,서울특별시 강남구 세곡동 517,37.4641998,127.1056184,초등학교,공립
초등학교,서울봉은초등학교,서울특별시 강남구 삼성동 79-2,37.5201521,127.0609811,초등학교,공립
초등학교,서울미성초등학교,서울특별시 관악구 신림동 768-23,37.4779314,126.9126806,초등학교,공립
초등학교,서울삼성초등학교,서울특별시 관악구 신림동 233-1,37.4678163,126.9409762,초등학교,공립
초등학교,서울난곡초등학교,서울특별시 관악구 신림동 711-136,37.4692405,126.9166641,초등학교,공립
초등학교,서울조원초등학교,서울특별시 관악구 신림동 548-2,37.4841778,126.9094507,초등학교,공립
초등학교,서울신림초등학교,서울특별시 관악구 신림동 418-20,37.4771503,126.9272999,초등학교,공립
초등학교,서울신우초등학교,서울특별시 관악구 신림동 315,37.4626215,126.9323353,초등학교,공립
초등학교,서울남부초등학교,서울특별시 관악구 신림동 467,37.4850413,126.9221169,초등학교,공립
초등학교,서울원신초등학교,서울특별시 관악구 신림동 336,37.467048,126.9274239,초등학교,공립
초등학교,중앙대학교사범대학부속초등학교,서울특별시 동작구 흑석동 233-2,37.5053803,126.960245,초등학교,사립
초등학교,서울흑석초등학교,서울특별시 동작구 흑석동 7-1,37.5084802,126.9650367,초등학교,공립
초등학교,서울문창초등학교,서울특별시 동작구 신대방동 640,37.48898312,126.9148425,초등학교,공립
초등학교,서울보라매초등학교,서울특별시 동작구 신대방동 488-1,37.4957958,126.916097,초등학교,공립
초등학교,서울상도초등학교,서울특별시 동작구 상도동 238-2,37.4997141,126.9373558,초등학교,공립
초등학교,서울남사초등학교,서울특별시 동작구 사당동 1011-1,37.4822359,126.9785565,초등학교,공립
초등학교,서울남성초등학교,서울특별시 동작구 사당동 324-22,37.4844416,126.9758314,초등학교,공립
초등학교,서울영본초등학교,서울특별시 동작구 본동 441-11,37.5105022,126.9485347,초등학교,공립
초등학교,서울대림초등학교,서울특별시 동작구 대방동 391-62,37.5005994,126.9253563,초등학교,공립
초등학교,서울신길초등학교,서울특별시 동작구 대방동 351-6,37.5102562,126.9265808,초등학교,공립
초등학교,서울영화초등학교,서울특별시 동작구 대방동 13-2,37.50890703,126.9329751,초등학교,공립
초등학교,서울신남성초등학교,서울특별시 동작구 사당동 199-1,37.4886163,126.9651691,초등학교,공립
초등학교,서울행림초등학교,서울특별시 동작구 사당동 산32-114,37.48280607,126.9649638,초등학교,공립
초등학교,서울삼일초등학교,서울특별시 동작구 사당동 산18-38,37.4882355,126.9751016,초등학교,공립
초등학교,서울동작초등학교,서울특별시 동작구 사당동 산9-1,37.4942206,126.9770792,초등학교,공립
초등학교,서울은로초등학교,서울특별시 동작구 흑석동 245-1,37.5031946,126.9602147,초등학교,공립
초등학교,서울본동초등학교,서울특별시 동작구 본동 133,37.5100908,126.9537363,초등학교,공립
초등학교,서울노량진초등학교,서울특별시 동작구 노량진동 237,37.5113579,126.9409291,초등학교,공립
초등학교,서울강남초등학교,서울특별시 동작구 상도1동 501-1,37.5060798,126.9535841,초등학교,공립
초등학교,서울신상도초등학교,서울특별시 동작구 상도동 204-333,37.5004006,126.9440809,초등학교,공립
초등학교,서울성수초등학교,서울특별시 성동구 성수동2가 277-32,37.544058,127.0631573,초등학교,공립
초등학교,서울경일초등학교,서울특별시 성동구 성수동1가 656-32,37.5403883,127.0468669,초등학교,공립
초등학교,서울사근초등학교,서울특별시 성동구 사근동 291-5,37.5628932,127.0478174,초등학교,공립
초등학교,서울마장초등학교,서울특별시 성동구 마장동 766-49,37.5682297,127.042205,초등학교,공립
초등학교,서울동명초등학교,서울특별시 성동구 마장동 556,37.56812375,127.0351078,초등학교,공립
초등학교,서울금옥초등학교,서울특별시 성동구 금호동4가 999-4,37.5460601,127.017485,초등학교,공립
초등학교,서울옥수초등학교,서울특별시 성동구 금호동4가 440-12,37.5459839,127.021758,초등학교,공립
초등학교,서울금호초등학교,서울특별시 성동구 금호동2가 511,37.5522036,127.0203276,초등학교,공립
초등학교,서울금북초등학교,서울특별시 성동구 금호동1가 48-2,37.557465,127.0235067,초등학교,공립
초등학교,서울경수초등학교,서울특별시 성동구 성수동2가 268,37.54043604,127.0580689,초등학교,공립
초등학교,서울경동초등학교,서울특별시 성동구 성수동1가 19-1,37.5436794,127.0502832,초등학교,공립
초등학교,서울동호초등학교,서울특별시 성동구 옥수동 556-1,37.54646136,127.0100328,초등학교,공립
초등학교,서울행당초등학교,서울특별시 성동구 행당동 320-60,37.5564432,127.034673,초등학교,공립
초등학교,서울신성초등학교,서울특별시 관악구 신림동 118-1,37.4717967,126.937152,초등학교,공립
초등학교,서울난향초등학교,서울특별시 관악구 신림동 672,37.4624143,126.9180741,초등학교,공립
초등학교,서울난우초등학교,서울특별시 관악구 신림동 589-1,37.4769379,126.9178675,초등학교,공립
초등학교,서울관악초등학교,서울특별시 관악구 봉천동 920,37.4808067,126.9428902,초등학교,공립
초등학교,서울은천초등학교,서울특별시 관악구 봉천동 622-1,37.4868591,126.9429033,초등학교,공립
초등학교,서울구암초등학교,서울특별시 관악구 봉천동 482-1,37.4894968,126.9468782,초등학교,공립
초등학교,서울신봉초등학교,서울특별시 관악구 봉천동 458,37.4854747,126.9492175,초등학교,공립
초등학교,서울당곡초등학교,서울특별시 관악구 봉천동 692-8,37.4900001,126.9298977,초등학교,공립
초등학교,서울인헌초등학교,서울특별시 관악구 봉천동 212-3,37.47675328,126.9598656,초등학교,공립
초등학교,서울사당초등학교,서울특별시 관악구 남현동 1080-1,37.4736353,126.9740756,초등학교,공립
초등학교,서울원당초등학교,서울특별시 관악구 봉천동 1669-1,37.4811233,126.9560764,초등학교,공립
초등학교,서울봉천초등학교,서울특별시 관악구 봉천동 28-6,37.4829254,126.9578363,초등학교,공립
초등학교,서울청룡초등학교,서울특별시 관악구 봉천동 390-3,37.4756972,126.9512057,초등학교,공립
초등학교,서울봉현초등학교,서울특별시 관악구 봉천동 1704,37.4910197,126.9556171,초등학교,공립
